-2.291382253170013428e-01,-2.050873339176177979e-01,4.498950392007827759e-02,3.922672942280769348e-02,-4.824412241578102112e-02,-1.258673220872879028e-01,1.008440703153610229e-01,8.897048234939575195e-02,3.856146335601806641e-02,1.366345882415771484e-01,-2.628715336322784424e-01,-1.918465644121170044e-01,-4.654017835855484009e-02,2.126792371273040771e-01,3.531482219696044922e-01,-1.957459598779678345e-01,-1.371420919895172119e-01,-7.585862278938293457e-02,-1.665655821561813354e-01,-1.241840049624443054e-02,2.777389436960220337e-02,-7.274492830038070679e-02,-1.833149343729019165e-01,3.269051015377044678e-02,5.041091144084930420e-02,9.995974302291870117e-01,9.997167587280273438e-01,9.997356534004211426e-01,9.998560547828674316e-01,-9.995416402816772461e-01,-9.999381303787231445e-01,2.673878967761993408e-01,9.997257590293884277e-01,2.086982280015945435e-01,1.520904898643493652e-01
-1.998789012432098389e-01,-2.392530143260955811e-01,4.470236226916313171e-02,2.474624477326869965e-02,-6.518080830574035645e-03,-1.666478067636489868e-01,1.321529895067214966e-01,8.609477430582046509e-02,7.277023792266845703e-02,4.762304201722145081e-02,-2.180078029632568359e-01,-1.299157738685607910e-01,-3.450317680835723877e-02,2.124163657426834106e-01,3.163694143295288086e-01,-1.517171710729598999e-01,-1.518190205097198486e-01,-1.182312220335006714e-01,-1.093024387955665588e-01,4.876441508531570435e-02,-2.787664532661437988e-03,-4.142785444855690002e-02,-1.106086373329162598e-01,6.039664521813392639e-02,-6.346298754215240479e-02,9.995185136795043945e-01,9.996638894081115723e-01,9.997087717056274414e-01,9.997615218162536621e-01,-9.985648989677429199e-01,-9.998503923416137695e-01,2.649417519569396973e-01,9.997332692146301270e-01,1.542279720306396484e-01,1.509766131639480591e-01
-2.495546042919158936e-01,-1.414917111396789551e-01,-1.106994505971670151e-02,1.557863503694534302e-02,-1.300815641880035400e-01,-4.390178620815277100e-02,1.694008335471153259e-02,1.345520466566085815e-01,-6.225773133337497711e-03,2.106436043977737427e-01,-2.686312496662139893e-01,-2.790899276733398438e-01,-8.692942792549729347e-04,2.243859320878982544e-01,2.743529081344604492e-01,-2.590491473674774170e-01,-8.977454155683517456e-02,-7.586038671433925629e-03,-1.944278478622436523e-01,-7.728113234043121338e-02,2.921596169471740723e-04,-1.353847533464431763e-01,-2.931151688098907471e-01,-1.966707222163677216e-02,7.798442989587783813e-02,9.996648430824279785e-01,9.997941255569458008e-01,9.997825026512145996e-01,9.995399117469787598e-01,-9.996214509010314941e-01,-9.985842704772949219e-01,2.208131402730941772e-01,9.997854828834533691e-01,2.220478653907775879e-01,1.062325686216354370e-01
-2.504890561103820801e-01,-9.883930534124374390e-02,-1.152459997683763504e-02,7.329040672630071640e-04,-1.027344316244125366e-01,-2.459309622645378113e-02,3.776055527850985527e-03,1.347113400697708130e-01,2.222052030265331268e-02,2.431517988443374634e-01,-2.558056116104125977e-01,-2.801280617713928223e-01,2.873003296554088593e-02,1.962510198354721069e-01,2.578535377979278564e-01,-2.346820831298828125e-01,-7.427921891212463379e-02,3.399357572197914124e-02,-2.362753301858901978e-01,-5.400430783629417419e-02,-2.264017052948474884e-02,-1.126402914524078369e-01,-2.590630650520324707e-01,-4.198419861495494843e-03,6.754279881715774536e-02,9.997190833091735840e-01,9.998052120208740234e-01,9.997994303703308105e-01,9.996169805526733398e-01,-9.995386004447937012e-01,-9.994010925292968750e-01,1.838051527738571167e-01,9.998206496238708496e-01,2.045204788446426392e-01,1.049878597259521484e-01
-2.403055876493453979e-01,-1.525876522064208984e-01,-8.437966927886009216e-03,2.383445389568805695e-02,-1.166929826140403748e-01,-4.202621802687644958e-02,3.539239615201950073e-02,1.312719732522964478e-01,1.840389519929885864e-02,2.146751284599304199e-01,-2.855116724967956543e-01,-2.666161060333251953e-01,-2.871872484683990479e-02,2.494412660598754883e-01,2.615231573581695557e-01,-2.380291670560836792e-01,-9.873171895742416382e-02,-5.167758790776133537e-04,-2.000538557767868042e-01,-8.836665749549865723e-02,-9.072449058294296265e-03,-1.276453137397766113e-01,-3.072528839111328125e-01,-1.227699127048254013e-02,5.840178579092025757e-02,9.997409582138061523e-01,9.997732639312744141e-01,9.998130202293395996e-01,9.996293783187866211e-01,-9.996060729026794434e-01,-9.990647435188293457e-01,2.337471842765808105e-01,9.997869729995727539e-01,2.537910938262939453e-01,1.060596629977226257e-01
-2.488676309585571289e-01,-1.385997384786605835e-01,-3.494345769286155701e-02,8.458442986011505127e-03,-1.171152442693710327e-01,-4.346200451254844666e-02,2.019031345844268799e-02,1.308570653200149536e-01,8.001752197742462158e-03,2.103742510080337524e-01,-2.601369619369506836e-01,-2.827515304088592529e-01,-3.176145628094673157e-02,2.173330187797546387e-01,2.786682248115539551e-01,-2.517949938774108887e-01,-9.976379573345184326e-02,-2.191737527027726173e-03,-1.776541173458099365e-01,-5.264570191502571106e-02,-1.309635676443576813e-02,-1.354855448007583618e-01,-2.821950316429138184e-01,-1.698570512235164642e-02,6.457338482141494751e-02,9.997134208679199219e-01,9.997221827507019043e-01,9.997776746749877930e-01,9.993842244148254395e-01,-9.997029900550842285e-01,-9.989225268363952637e-01,1.987766474485397339e-01,9.997618198394775391e-01,2.399184703826904297e-01,1.072819903492927551e-01
-2.386076450347900391e-01,-1.199294161051511765e-02,-2.742549637332558632e-03,-1.051903888583183289e-02,-6.659930199384689331e-02,5.549145862460136414e-03,1.804497651755809784e-02,1.491648703813552856e-01,7.928700745105743408e-02,3.186276257038116455e-01,-2.179091423749923706e-01,-2.566942870616912842e-01,8.215339481830596924e-02,1.369769424200057983e-01,2.273929119110107422e-01,-1.872525960206985474e-01,-7.637539505958557129e-02,9.970466792583465576e-02,-3.721289336681365967e-01,-5.488996580243110657e-02,-1.816791668534278870e-02,-1.555276010185480118e-02,-1.552342623472213745e-01,1.779663562774658203e-02,5.221466720104217529e-02,9.996262192726135254e-01,9.996806979179382324e-01,9.997182488441467285e-01,9.995475411415100098e-01,-9.993402361869812012e-01,-9.992326498031616211e-01,8.080809563398361206e-02,9.997406005859375000e-01,2.051339894533157349e-01,1.115474253892898560e-01
-2.416909337043762207e-01,-3.493796288967132568e-02,5.015361588448286057e-03,-5.752244498580694199e-03,-6.237628683447837830e-02,-1.325178146362304688e-02,2.954337187111377716e-02,1.467052847146987915e-01,8.926419913768768311e-02,3.057011365890502930e-01,-2.214167565107345581e-01,-2.531228661537170410e-01,7.549560070037841797e-02,1.452828049659729004e-01,2.414432466030120850e-01,-1.935379803180694580e-01,-7.644551247358322144e-02,7.799135893583297729e-02,-3.520098030567169189e-01,-6.723563373088836670e-02,-2.029770612716674805e-02,-2.272858470678329468e-02,-1.579398214817047119e-01,3.300425410270690918e-02,4.831824824213981628e-02,9.996038675308227539e-01,9.996461272239685059e-01,9.996494054794311523e-01,9.994698762893676758e-01,-9.993919134140014648e-01,-9.991320371627807617e-01,1.105815246701240540e-01,9.996930956840515137e-01,2.231414169073104858e-01,1.151636168360710144e-01
-2.419405132532119751e-01,-3.930227458477020264e-02,-1.348224352113902569e-03,-5.440313834697008133e-03,-6.963802874088287354e-02,-4.860843066126108170e-03,2.157543040812015533e-02,1.428912281990051270e-01,5.491200834512710571e-02,3.012877702713012695e-01,-2.305750250816345215e-01,-2.558879554271697998e-01,5.727607011795043945e-02,1.497610807418823242e-01,2.394611388444900513e-01,-1.934023499488830566e-01,-7.637684792280197144e-02,7.988787442445755005e-02,-3.393003344535827637e-01,-6.377336382865905762e-02,-1.868890784680843353e-02,-3.914567828178405762e-02,-1.700982004404067993e-01,1.595634222030639648e-02,4.939046129584312439e-02,9.996023178100585938e-01,9.997340440750122070e-01,9.997449517250061035e-01,9.995828270912170410e-01,-9.991153478622436523e-01,-9.989588260650634766e-01,1.164668053388595581e-01,9.997194409370422363e-01,1.994791179895401001e-01,1.035655513405799866e-01
-2.488002628087997437e-01,-3.022227250039577484e-02,1.805890351533889771e-04,-1.039826311171054840e-02,-7.055352628231048584e-02,-8.896623039618134499e-04,2.231113240122795105e-02,1.523484140634536743e-01,4.583571478724479675e-02,3.025574386119842529e-01,-2.412309795618057251e-01,-2.620763480663299561e-01,5.679654330015182495e-02,1.528442502021789551e-01,2.360841929912567139e-01,-2.006738483905792236e-01,-6.583555042743682861e-02,9.392361342906951904e-02,-3.428896367549896240e-01,-5.508698523044586182e-02,-2.685549110174179077e-02,-3.939836099743843079e-02,-1.793146282434463501e-01,1.488836295902729034e-02,5.596575140953063965e-02,9.996877312660217285e-01,9.997220635414123535e-01,9.997501373291015625e-01,9.996454119682312012e-01,-9.991008043289184570e-01,-9.992607235908508301e-01,1.133455708622932434e-01,9.997567534446716309e-01,1.948769390583038330e-01,1.045486405491828918e-01
-2.379849106073379517e-01,-6.167518347501754761e-02,-4.110832232981920242e-03,1.647688797675073147e-03,-7.581699639558792114e-02,-2.057992108166217804e-02,2.113710530102252960e-02,1.373531818389892578e-01,5.822203680872917175e-02,2.615042030811309814e-01,-2.371602654457092285e-01,-2.624204158782958984e-01,5.535049736499786377e-02,1.650365740060806274e-01,2.466136962175369263e-01,-2.018862515687942505e-01,-6.946015357971191406e-02,5.500035732984542847e-02,-2.956953048706054688e-01,-5.622040480375289917e-02,-2.358157373964786530e-02,-6.343416124582290649e-02,-2.149400562047958374e-01,2.324464917182922363e-02,5.905796959996223450e-02,9.996550679206848145e-01,9.997528195381164551e-01,9.997324347496032715e-01,9.994989037513732910e-01,-9.994240999221801758e-01,-9.991528987884521484e-01,1.447495371103286743e-01,9.997630119323730469e-01,2.158326804637908936e-01,1.150743663311004639e-01
-1.474752575159072876e-01,-2.429918348789215088e-01,6.875807791948318481e-02,4.879588633775711060e-02,2.852151542901992798e-02,-1.987643837928771973e-01,1.424073129892349243e-01,8.535599708557128906e-02,1.207219436764717102e-01,-2.102360315620899200e-02,-1.915110200643539429e-01,-1.004312634468078613e-01,-6.174128130078315735e-02,2.272707074880599976e-01,2.876797914505004883e-01,-1.087662950158119202e-01,-1.717693805694580078e-01,-1.575126796960830688e-01,-7.310552895069122314e-02,1.092838570475578308e-01,-3.552679717540740967e-02,-4.627795889973640442e-03,-5.760946869850158691e-02,6.228813529014587402e-02,-1.568997949361801147e-01,9.996218085289001465e-01,9.997538328170776367e-01,9.997067451477050781e-01,9.998067617416381836e-01,-9.984092712402343750e-01,-9.997146129608154297e-01,2.711592614650726318e-01,9.997723698616027832e-01,6.993774324655532837e-02,1.602524667978286743e-01
-5.715487641282379627e-04,-2.821449637413024902e-01,1.655922085046768188e-01,1.083662956953048706e-01,9.688866138458251953e-02,-3.058129847049713135e-01,1.777038127183914185e-01,1.075683683156967163e-01,2.867687344551086426e-01,-3.126828372478485107e-01,-1.306698024272918701e-01,4.616549238562583923e-02,-8.883346617221832275e-02,2.551441788673400879e-01,1.850286424160003662e-01,8.152423053979873657e-02,-2.479612976312637329e-01,-3.348059058189392090e-01,3.576581180095672607e-02,2.800900042057037354e-01,-5.282398685812950134e-02,1.247274652123451233e-01,1.124934703111648560e-01,1.085915118455886841e-01,-4.773198664188385010e-01,9.996066093444824219e-01,9.997291564941406250e-01,9.997412562370300293e-01,9.995676279067993164e-01,-9.995645284652709961e-01,-9.992466568946838379e-01,2.158808857202529907e-01,9.997594356536865234e-01,-9.927558153867721558e-02,2.277042567729949951e-01
-1.581807434558868408e-01,-2.496055811643600464e-01,6.928181648254394531e-02,4.447848349809646606e-02,1.843303069472312927e-02,-1.876563727855682373e-01,1.430296003818511963e-01,9.218254685401916504e-02,1.016748100519180298e-01,-4.451829940080642700e-03,-2.057716697454452515e-01,-1.052255108952522278e-01,-5.124833807349205017e-02,2.164154648780822754e-01,2.954395711421966553e-01,-1.238608732819557190e-01,-1.590607762336730957e-01,-1.464454084634780884e-01,-8.644399791955947876e-02,8.686491847038269043e-02,-1.994556002318859100e-02,-1.386640314012765884e-02,-5.990434437990188599e-02,4.663064330816268921e-02,-1.170673444867134094e-01,9.995600581169128418e-01,9.996900558471679688e-01,9.996697902679443359e-01,9.997776746749877930e-01,-9.979184865951538086e-01,-9.996369481086730957e-01,2.629220187664031982e-01,9.996870160102844238e-01,1.066892966628074646e-01,1.634619683027267456e-01
-1.244369670748710632e-01,-2.545480132102966309e-01,1.099177300930023193e-01,5.747581273317337036e-02,3.230874240398406982e-02,-2.233485132455825806e-01,1.440566480159759521e-01,9.388077259063720703e-02,1.508501470088958740e-01,-1.106753125786781311e-01,-1.982081532478332520e-01,-7.630120962858200073e-02,-6.446154415607452393e-02,2.448145300149917603e-01,2.666486203670501709e-01,-7.229867577552795410e-02,-1.794675886631011963e-01,-2.000250965356826782e-01,-4.619969055056571960e-02,1.596045345067977905e-01,-2.708727121353149414e-02,2.105363644659519196e-02,-2.326703071594238281e-02,6.974045187234878540e-02,-2.453633695840835571e-01,9.996698498725891113e-01,9.997799992561340332e-01,9.997407793998718262e-01,9.998107552528381348e-01,-9.990561604499816895e-01,-9.998391270637512207e-01,2.639574110507965088e-01,9.997692108154296875e-01,4.067720472812652588e-02,1.824085563421249390e-01
-2.429083734750747681e-01,-5.312489345669746399e-02,4.631695803254842758e-03,1.968671754002571106e-02,-7.932583987712860107e-02,-1.844140700995922089e-02,2.408130280673503876e-02,1.396475732326507568e-01,8.181445300579071045e-02,2.785976827144622803e-01,-2.395695596933364868e-01,-2.393062263727188110e-01,8.511584252119064331e-02,1.732362359762191772e-01,2.536606788635253906e-01,-2.102760821580886841e-01,-8.226295560598373413e-02,6.942965090274810791e-02,-3.311344385147094727e-01,-7.140620797872543335e-02,5.331860389560461044e-03,-3.681180253624916077e-02,-1.806198209524154663e-01,1.736199669539928436e-02,5.592673644423484802e-02,9.996328353881835938e-01,9.996831417083740234e-01,9.996969103813171387e-01,9.996634721755981445e-01,-9.994233250617980957e-01,-9.985356926918029785e-01,1.221211925148963928e-01,9.997003078460693359e-01,2.198116183280944824e-01,1.321172416210174561e-01
-2.346448004245758057e-01,1.172349881380796432e-02,7.974247448146343231e-03,1.653522602282464504e-03,-5.466193333268165588e-02,-5.306212697178125381e-03,3.090237081050872803e-02,1.445681750774383545e-01,1.038916632533073425e-01,3.252900242805480957e-01,-2.150418311357498169e-01,-2.332681566476821899e-01,9.885384142398834229e-02,1.215493828058242798e-01,2.357226163148880005e-01,-1.710513681173324585e-01,-8.484245091676712036e-02,1.182766482234001160e-01,-3.965748250484466553e-01,-7.007659226655960083e-02,-1.040818076580762863e-02,1.860984042286872864e-02,-1.167508438229560852e-01,2.845194004476070404e-02,3.239961713552474976e-02,9.994032382965087891e-01,9.996725916862487793e-01,9.996616244316101074e-01,9.996179938316345215e-01,-9.994447827339172363e-01,-9.988283514976501465e-01,6.314872205257415771e-02,9.996657967567443848e-01,2.086882591247558594e-01,1.162430420517921448e-01
-2.527940571308135986e-01,-1.461005955934524536e-01,-3.715963289141654968e-02,2.675532363355159760e-02,-1.285573244094848633e-01,-4.045575112104415894e-02,3.525350987911224365e-02,1.193976998329162598e-01,-4.997132811695337296e-03,2.248915135860443115e-01,-2.608004510402679443e-01,-2.805210053920745850e-01,-1.246146857738494873e-02,2.141931802034378052e-01,2.731532454490661621e-01,-2.374651879072189331e-01,-8.410064131021499634e-02,-6.888917181640863419e-03,-1.714656502008438110e-01,-6.325381994247436523e-02,-2.856648759916424751e-03,-1.394838690757751465e-01,-2.909007370471954346e-01,-2.181465364992618561e-02,6.948250532150268555e-02,9.997356534004211426e-01,9.997632503509521484e-01,9.997882246971130371e-01,9.994254112243652344e-01,-9.995960593223571777e-01,-9.990296959877014160e-01,2.141598314046859741e-01,9.997893571853637695e-01,2.382526695728302002e-01,9.349822252988815308e-02
-2.462321519851684570e-01,-1.911068558692932129e-01,9.720258414745330811e-03,2.588851563632488251e-02,-1.155331879854202271e-01,-8.686430007219314575e-02,8.158846944570541382e-02,1.042074486613273621e-01,2.522075362503528595e-02,2.172316908836364746e-01,-2.686721980571746826e-01,-2.222006767988204956e-01,-3.596188127994537354e-02,1.943672299385070801e-01,3.434969484806060791e-01,-2.282871901988983154e-01,-1.234208866953849792e-01,-3.721980378031730652e-02,-1.881735324859619141e-01,-5.242285132408142090e-02,3.433363512158393860e-02,-1.211358755826950073e-01,-2.556862831115722656e-01,1.022031717002391815e-02,5.159869417548179626e-02,9.996850490570068359e-01,9.997744560241699219e-01,9.997801780700683594e-01,9.996274709701538086e-01,-9.997520446777343750e-01,-9.989094734191894531e-01,2.473881095647811890e-01,9.997588396072387695e-01,2.570154368877410889e-01,1.261475831270217896e-01
-2.457398772239685059e-01,-3.929152339696884155e-02,6.124361418187618256e-03,-3.104227595031261444e-03,-7.762841135263442993e-02,-6.663361564278602600e-03,8.023796603083610535e-03,1.404041647911071777e-01,7.004272937774658203e-02,2.978570759296417236e-01,-2.246264964342117310e-01,-2.659808695316314697e-01,5.324059352278709412e-02,1.572955250740051270e-01,2.376829981803894043e-01,-2.105617076158523560e-01,-8.159335702657699585e-02,9.170643240213394165e-02,-3.243971467018127441e-01,-5.813224241137504578e-02,-3.334830328822135925e-02,-4.494788497686386108e-02,-1.830261647701263428e-01,1.787552423775196075e-02,5.100647732615470886e-02,9.996003508567810059e-01,9.997116923332214355e-01,9.997673034667968750e-01,9.995684027671813965e-01,-9.995125532150268555e-01,-9.989331364631652832e-01,1.105928122997283936e-01,9.997551441192626953e-01,2.014335840940475464e-01,1.057851687073707581e-01
-2.268548607826232910e-01,-1.870598495006561279e-01,-3.008397296071052551e-02,2.406500652432441711e-02,-1.124792769551277161e-01,-8.483475446701049805e-02,2.910743467509746552e-02,1.201823726296424866e-01,8.891496807336807251e-03,2.198347151279449463e-01,-2.953892350196838379e-01,-2.393823415040969849e-01,-1.934298314154148102e-02,2.388418912887573242e-01,3.182492852210998535e-01,-2.780545353889465332e-01,-1.272521167993545532e-01,1.999807544052600861e-03,-1.873704642057418823e-01,-4.351791366934776306e-02,2.120782248675823212e-02,-1.338298171758651733e-01,-2.793224453926086426e-01,-1.408950309269130230e-03,5.303122848272323608e-02,9.997726082801818848e-01,9.998372793197631836e-01,9.998358488082885742e-01,9.997239112854003906e-01,-9.995382428169250488e-01,-9.992693662643432617e-01,2.170042246580123901e-01,9.998421669006347656e-01,2.692081332206726074e-01,1.248576492071151733e-01
-2.441790848970413208e-01,-6.699589639902114868e-02,-1.229195669293403625e-02,-2.826070180162787437e-03,-8.212938159704208374e-02,-1.971265301108360291e-02,1.659363694489002228e-02,1.456898003816604614e-01,3.089854680001735687e-02,2.707109153270721436e-01,-2.397406846284866333e-01,-2.651895284652709961e-01,5.116249620914459229e-02,1.788064092397689819e-01,2.408838570117950439e-01,-2.092046141624450684e-01,-6.958746165037155151e-02,5.876218900084495544e-02,-2.977621555328369141e-01,-4.890866950154304504e-02,-2.246496081352233887e-02,-6.524697691202163696e-02,-2.132577002048492432e-01,8.850441314280033112e-03,6.588960438966751099e-02,9.996944665908813477e-01,9.997809529304504395e-01,9.997658133506774902e-01,9.996231794357299805e-01,-9.990069866180419922e-01,-9.995335340499877930e-01,1.490553170442581177e-01,9.998022913932800293e-01,2.016635984182357788e-01,1.118802055716514587e-01
-2.124032378196716309e-01,-2.208171486854553223e-01,3.312093764543533325e-02,5.241794511675834656e-03,-2.145291678607463837e-02,-1.272317022085189819e-01,1.226663440465927124e-01,8.945374190807342529e-02,3.263003379106521606e-02,1.160804331302642822e-01,-2.332359850406646729e-01,-1.668101102113723755e-01,-4.078235477209091187e-02,1.935990452766418457e-01,3.403929471969604492e-01,-2.087418138980865479e-01,-1.338330805301666260e-01,-7.203594595193862915e-02,-1.260648667812347412e-01,7.045425940304994583e-03,-2.747297519817948341e-03,-8.079755306243896484e-02,-1.540935486555099487e-01,2.966400235891342163e-02,6.917699426412582397e-02,9.995801448822021484e-01,9.996914267539978027e-01,9.996942877769470215e-01,9.996132254600524902e-01,-9.990286231040954590e-01,-9.993984103202819824e-01,2.842265963554382324e-01,9.996994137763977051e-01,1.923887580633163452e-01,1.360432952642440796e-01
-2.369000315666198730e-01,-5.102702230215072632e-02,-2.089018467813730240e-03,1.702681300230324268e-03,-7.431979477405548096e-02,-1.202948763966560364e-02,2.181476354598999023e-02,1.425007879734039307e-01,4.699650779366493225e-02,2.765926718711853027e-01,-2.373318076133728027e-01,-2.592815160751342773e-01,5.386915802955627441e-02,1.614553034305572510e-01,2.491477429866790771e-01,-2.002747207880020142e-01,-6.075331941246986389e-02,7.819342613220214844e-02,-3.184189200401306152e-01,-5.584894120693206787e-02,-1.706587523221969604e-02,-5.137179046869277954e-02,-1.874168664216995239e-01,2.410881035029888153e-02,6.360235810279846191e-02,9.996554255485534668e-01,9.997357726097106934e-01,9.997598528861999512e-01,9.996377229690551758e-01,-9.994469285011291504e-01,-9.991195201873779297e-01,1.299166530370712280e-01,9.997588396072387695e-01,2.009453624486923218e-01,1.086251214146614075e-01
-2.548801302909851074e-01,-1.289587467908859253e-01,-1.841585617512464523e-03,2.134542912244796753e-02,-1.149285957217216492e-01,-3.396645560860633850e-02,4.838450811803340912e-03,1.227499321103096008e-01,1.517614931799471378e-03,2.190208435058593750e-01,-2.665343880653381348e-01,-2.858874201774597168e-01,-1.354469172656536102e-02,2.307636588811874390e-01,2.677775621414184570e-01,-2.612047493457794189e-01,-9.174206107854843140e-02,1.692228391766548157e-02,-1.895392388105392456e-01,-7.925954461097717285e-02,-1.544035132974386215e-02,-1.370187699794769287e-01,-3.015628457069396973e-01,-1.965756341814994812e-02,6.642244011163711548e-02,9.997365474700927734e-01,9.998168945312500000e-01,9.998379945755004883e-01,9.995982050895690918e-01,-9.998607635498046875e-01,-9.983184337615966797e-01,1.983872503042221069e-01,9.998371601104736328e-01,2.223241180181503296e-01,1.124585047364234924e-01
-2.478684037923812866e-01,-7.938035577535629272e-02,-6.658896803855895996e-03,4.413860850036144257e-03,-9.732681512832641602e-02,-1.796123199164867401e-02,7.609055377542972565e-03,1.292617470026016235e-01,2.221324294805526733e-02,2.535678446292877197e-01,-2.508037090301513672e-01,-2.877355217933654785e-01,2.077600546181201935e-02,1.922015994787216187e-01,2.445987761020660400e-01,-2.285414189100265503e-01,-7.150128483772277832e-02,5.127141624689102173e-02,-2.461323142051696777e-01,-5.331030860543251038e-02,-3.574768453836441040e-02,-9.447600692510604858e-02,-2.455119937658309937e-01,-4.158553201705217361e-03,6.188484653830528259e-02,9.997152090072631836e-01,9.998273849487304688e-01,9.998109936714172363e-01,9.996277093887329102e-01,-9.998279809951782227e-01,-9.992989897727966309e-01,1.581943184137344360e-01,9.998390674591064453e-01,2.010001689195632935e-01,9.716147929430007935e-02
-2.471793144941329956e-01,-5.930574238300323486e-02,-1.260032062418758869e-03,-8.376592304557561874e-04,-7.974725961685180664e-02,-1.945623382925987244e-02,1.886831223964691162e-02,1.412316411733627319e-01,4.633243009448051453e-02,2.843286395072937012e-01,-2.375625520944595337e-01,-2.583968937397003174e-01,4.944396391510963440e-02,1.736059337854385376e-01,2.467238903045654297e-01,-2.151712328195571899e-01,-8.011327683925628662e-02,6.862344592809677124e-02,-2.946177124977111816e-01,-5.806117504835128784e-02,-1.269183866679668427e-02,-6.681654602289199829e-02,-2.094104886054992676e-01,1.863568555563688278e-03,4.637396335601806641e-02,9.996051192283630371e-01,9.997677803039550781e-01,9.997242689132690430e-01,9.994807839393615723e-01,-9.993880391120910645e-01,-9.989793300628662109e-01,1.440774649381637573e-01,9.997485876083374023e-01,2.081316709518432617e-01,1.120962575078010559e-01
-2.266062945127487183e-01,-2.211460918188095093e-01,1.578700542449951172e-02,2.764561772346496582e-02,-4.116431996226310730e-02,-1.245268136262893677e-01,1.001436933875083923e-01,7.818429917097091675e-02,3.209008648991584778e-02,1.518237739801406860e-01,-2.335448563098907471e-01,-1.878074854612350464e-01,-2.775993943214416504e-02,1.919449269771575928e-01,3.317610919475555420e-01,-2.190037518739700317e-01,-1.105214133858680725e-01,-7.018831372261047363e-02,-1.475081443786621094e-01,-1.715662330389022827e-02,1.415931992232799530e-02,-9.236072748899459839e-02,-2.003598064184188843e-01,2.348288893699645996e-02,6.787855178117752075e-02,9.995992183685302734e-01,9.997332096099853516e-01,9.997324347496032715e-01,9.996914863586425781e-01,-9.995713829994201660e-01,-9.996743202209472656e-01,2.624577581882476807e-01,9.997426271438598633e-01,2.255643159151077271e-01,1.279832124710083008e-01
-2.625895440578460693e-01,-2.000806033611297607e-01,-7.907714694738388062e-03,9.653627872467041016e-03,-9.980041533708572388e-02,-8.606459200382232666e-02,7.928974926471710205e-02,1.066375374794006348e-01,1.035202573984861374e-02,2.113722562789916992e-01,-2.871035039424896240e-01,-2.185421437025070190e-01,-3.785976767539978027e-02,2.149591296911239624e-01,3.436830639839172363e-01,-2.376433759927749634e-01,-1.016405224800109863e-01,-4.721233621239662170e-02,-2.004044055938720703e-01,-5.613164603710174561e-02,1.302588637918233871e-02,-1.267230361700057983e-01,-2.533612251281738281e-01,2.191215008497238159e-02,6.423226743936538696e-02,9.996897578239440918e-01,9.997964501380920410e-01,9.997943639755249023e-01,9.995364546775817871e-01,-9.996830821037292480e-01,-9.986677169799804688e-01,2.570236921310424805e-01,9.997742772102355957e-01,2.661331892013549805e-01,1.240145489573478699e-01
-2.461558729410171509e-01,-4.052757471799850464e-02,5.070867948234081268e-03,8.726614527404308319e-03,-8.516237139701843262e-02,-5.627310019917786121e-04,1.000861823558807373e-02,1.337213218212127686e-01,5.849618837237358093e-02,2.912137508392333984e-01,-2.358602583408355713e-01,-2.741051912307739258e-01,5.575556308031082153e-02,1.629263609647750854e-01,2.240023612976074219e-01,-2.202904522418975830e-01,-7.069586962461471558e-02,8.978770673274993896e-02,-3.138704001903533936e-01,-5.112272873520851135e-02,-3.553898632526397705e-02,-5.208681151270866394e-02,-2.056361585855484009e-01,1.460657338611781597e-03,5.837015062570571899e-02,9.996700882911682129e-01,9.997534751892089844e-01,9.997535347938537598e-01,9.995496869087219238e-01,-9.997501969337463379e-01,-9.991748929023742676e-01,1.332798898220062256e-01,9.997817873954772949e-01,2.008654326200485229e-01,1.018571481108665466e-01
-2.543682754039764404e-01,-1.387200057506561279e-01,-1.033319719135761261e-02,2.045186795294284821e-02,-1.367368400096893311e-01,-4.992891848087310791e-02,2.740219468250870705e-03,1.336408108472824097e-01,-2.131190383806824684e-03,2.064938098192214966e-01,-2.754530608654022217e-01,-2.871805727481842041e-01,2.507340162992477417e-03,2.285226136445999146e-01,2.779882252216339111e-01,-2.512362599372863770e-01,-7.927158474922180176e-02,1.070760190486907959e-04,-1.729922741651535034e-01,-6.126790493726730347e-02,-9.664315730333328247e-03,-1.401527225971221924e-01,-2.851697504520416260e-01,-1.707530207931995392e-02,7.950488477945327759e-02,9.997091889381408691e-01,9.998126029968261719e-01,9.997969269752502441e-01,9.996502399444580078e-01,-9.998267889022827148e-01,-9.988800287246704102e-01,2.168208062648773193e-01,9.998126626014709473e-01,2.228854000568389893e-01,1.071837320923805237e-01
-2.470211684703826904e-01,-1.135537773370742798e-01,-1.062954962253570557e-02,-2.407503314316272736e-03,-1.036063730716705322e-01,-2.293718978762626648e-02,1.296550221741199493e-02,1.320278346538543701e-01,5.564340855926275253e-03,2.338986843824386597e-01,-2.521408796310424805e-01,-2.905487418174743652e-01,5.660634953528642654e-03,1.990204602479934692e-01,2.546274662017822266e-01,-2.435519993305206299e-01,-7.434187829494476318e-02,3.286267444491386414e-02,-2.197247594594955444e-01,-5.292811617255210876e-02,-1.699781231582164764e-02,-1.227998882532119751e-01,-2.831366360187530518e-01,-6.929232273250818253e-03,7.288641482591629028e-02,9.997004270553588867e-01,9.997836947441101074e-01,9.997792243957519531e-01,9.995834827423095703e-01,-9.998276829719543457e-01,-9.993376731872558594e-01,1.814235299825668335e-01,9.998027682304382324e-01,2.064443975687026978e-01,1.031526848673820496e-01
-2.407166808843612671e-01,-6.789276748895645142e-02,1.409896533004939556e-03,1.151495240628719330e-02,-8.613467216491699219e-02,-2.421710267663002014e-02,1.859962195158004761e-02,1.361825317144393921e-01,4.718719050288200378e-02,2.610613703727722168e-01,-2.439851611852645874e-01,-2.673508226871490479e-01,4.869717732071876526e-02,1.831083893775939941e-01,2.462325245141983032e-01,-2.189055979251861572e-01,-7.180976867675781250e-02,6.108201295137405396e-02,-2.775848805904388428e-01,-4.350208863615989685e-02,-2.344071865081787109e-02,-8.153699338436126709e-02,-2.241593450307846069e-01,5.258177872747182846e-03,6.519478559494018555e-02,9.996655583381652832e-01,9.997664690017700195e-01,9.997506141662597656e-01,9.995940327644348145e-01,-9.996648430824279785e-01,-9.991675019264221191e-01,1.578786522150039673e-01,9.997853040695190430e-01,2.033609300851821899e-01,1.096833273768424988e-01
-2.469240725040435791e-01,-7.884968817234039307e-02,-7.681473623961210251e-03,-1.474429504014551640e-03,-9.012279659509658813e-02,-2.560419589281082153e-02,9.003745391964912415e-03,1.368408948183059692e-01,3.609020262956619263e-02,2.601355314254760742e-01,-2.515670359134674072e-01,-2.758170962333679199e-01,3.899519890546798706e-02,1.869673728942871094e-01,2.573356926441192627e-01,-2.219373434782028198e-01,-7.032941281795501709e-02,5.262944474816322327e-02,-2.629008591175079346e-01,-5.246594175696372986e-02,-2.752885967493057251e-02,-8.948084712028503418e-02,-2.318179458379745483e-01,1.730868220329284668e-02,6.896769255399703979e-02,9.996740818023681641e-01,9.997850060462951660e-01,9.997586607933044434e-01,9.995877146720886230e-01,-9.993891119956970215e-01,-9.993056058883666992e-01,1.685042232275009155e-01,9.997820854187011719e-01,2.118250876665115356e-01,1.053857281804084778e-01
-2.469132244586944580e-01,-1.134539917111396790e-01,-9.672694839537143707e-03,2.226281724870204926e-02,-1.063668504357337952e-01,-2.515891939401626587e-02,5.220517516136169434e-03,1.285595297813415527e-01,1.349920127540826797e-02,2.213965654373168945e-01,-2.743516266345977783e-01,-2.880033552646636963e-01,1.223426125943660736e-02,2.091444134712219238e-01,2.589232921600341797e-01,-2.454657405614852905e-01,-8.199044317007064819e-02,2.435467764735221863e-02,-2.056911736726760864e-01,-5.840912088751792908e-02,-2.641572058200836182e-02,-1.258315145969390869e-01,-2.704885303974151611e-01,-1.718974113464355469e-02,6.712498515844345093e-02,9.997143149375915527e-01,9.998005628585815430e-01,9.998055696487426758e-01,9.996408820152282715e-01,-9.996747374534606934e-01,-9.986988306045532227e-01,1.939699947834014893e-01,9.998141527175903320e-01,2.036083340644836426e-01,1.052625179290771484e-01
-2.417292743921279907e-01,-2.996443584561347961e-02,-6.968024652451276779e-03,-7.501622661948204041e-03,-4.344413056969642639e-02,-2.171072550117969513e-02,3.347848728299140930e-02,1.450614035129547119e-01,9.095092862844467163e-02,3.065392673015594482e-01,-2.299475073814392090e-01,-2.308552265167236328e-01,7.241864502429962158e-02,1.333241015672683716e-01,2.523887157440185547e-01,-1.711365282535552979e-01,-7.730554789304733276e-02,8.641860634088516235e-02,-3.662048280239105225e-01,-5.761396139860153198e-02,-1.169117726385593414e-02,-1.681008934974670410e-02,-1.489362567663192749e-01,4.117047786712646484e-02,4.777009412646293640e-02,9.995318055152893066e-01,9.996681213378906250e-01,9.996590018272399902e-01,9.996083974838256836e-01,-9.981070756912231445e-01,-9.992701411247253418e-01,9.660089015960693359e-02,9.997152090072631836e-01,2.159645855426788330e-01,1.206352487206459045e-01
-2.356335818767547607e-01,-1.131367497146129608e-02,-7.157305954024195671e-04,1.736609451472759247e-02,-4.746629670262336731e-02,-9.759550914168357849e-03,2.404189668595790863e-02,1.484101265668869019e-01,1.069855168461799622e-01,2.956168055534362793e-01,-2.354077696800231934e-01,-2.188607901334762573e-01,1.262986958026885986e-01,1.309799402952194214e-01,2.514880597591400146e-01,-1.570884436368942261e-01,-6.952904164791107178e-02,9.920263290405273438e-02,-3.837969303131103516e-01,-7.499562948942184448e-02,-3.124084789305925369e-03,5.468695424497127533e-03,-1.256760954856872559e-01,4.063322395086288452e-02,4.498966783285140991e-02,9.995132088661193848e-01,9.996222853660583496e-01,9.995312094688415527e-01,9.996579289436340332e-01,-9.965783357620239258e-01,-9.991511106491088867e-01,9.011110663414001465e-02,9.995779991149902344e-01,2.157362997531890869e-01,1.299971789121627808e-01
-2.498667091131210327e-01,-1.341668367385864258e-01,-1.077925879508256912e-02,1.717224344611167908e-02,-1.192072406411170959e-01,-4.093964025378227234e-02,-2.447167877107858658e-03,1.309178024530410767e-01,1.767799258232116699e-04,2.191978096961975098e-01,-2.786214649677276611e-01,-2.885151803493499756e-01,4.063269123435020447e-03,2.240022867918014526e-01,2.707076370716094971e-01,-2.567114830017089844e-01,-8.195587992668151855e-02,1.518640387803316116e-02,-1.849226355552673340e-01,-7.242310792207717896e-02,-1.127126719802618027e-02,-1.395487487316131592e-01,-2.922234535217285156e-01,-1.255432516336441040e-02,7.549580186605453491e-02,9.997369647026062012e-01,9.998196363449096680e-01,9.998250603675842285e-01,9.997258186340332031e-01,-9.996977448463439941e-01,-9.988789558410644531e-01,2.182685732841491699e-01,9.998226165771484375e-01,2.170023769140243530e-01,1.074184775352478027e-01
-2.493519186973571777e-01,-1.130831167101860046e-01,-1.573956757783889771e-02,1.220391504466533661e-02,-1.088623180985450745e-01,-2.292397804558277130e-02,5.206213332712650299e-03,1.284567564725875854e-01,9.165652096271514893e-03,2.327327132225036621e-01,-2.539156973361968994e-01,-2.838860452175140381e-01,6.271195597946643829e-03,2.079868167638778687e-01,2.512314021587371826e-01,-2.517734766006469727e-01,-7.346764206886291504e-02,2.441690675914287567e-02,-2.167948931455612183e-01,-6.000565364956855774e-02,-2.042064070701599121e-02,-1.204650476574897766e-01,-2.771277427673339844e-01,-1.324981171637773514e-02,7.375107705593109131e-02,9.997280240058898926e-01,9.997889399528503418e-01,9.998207092285156250e-01,9.996138811111450195e-01,-9.993931055068969727e-01,-9.987615942955017090e-01,1.949899196624755859e-01,9.998105168342590332e-01,2.141479104757308960e-01,1.041601821780204773e-01
-2.572890222072601318e-01,-1.280466765165328979e-01,-1.503826305270195007e-02,2.098135650157928467e-02,-1.118824407458305359e-01,-3.008492849767208099e-02,1.101437211036682129e-02,1.290656775236129761e-01,3.477983875200152397e-03,2.215423882007598877e-01,-2.683322131633758545e-01,-2.851787805557250977e-01,-1.374832354485988617e-02,2.309789210557937622e-01,2.605405449867248535e-01,-2.580783367156982422e-01,-8.250562101602554321e-02,1.288786903023719788e-02,-1.866120100021362305e-01,-6.134846061468124390e-02,-3.254099190235137939e-02,-1.470278203487396240e-01,-2.894636690616607666e-01,-1.858893781900405884e-02,6.659599393606185913e-02,9.997377395629882812e-01,9.998247027397155762e-01,9.998289346694946289e-01,9.995399713516235352e-01,-9.996669292449951172e-01,-9.990349411964416504e-01,2.131039053201675415e-01,9.998417496681213379e-01,2.268012166023254395e-01,1.056127846240997314e-01
-2.474973201751708984e-01,-2.083848416805267334e-01,2.819391153752803802e-02,1.167582720518112183e-02,-4.090252891182899475e-02,-1.198906004428863525e-01,1.155462563037872314e-01,9.267941862344741821e-02,3.980759903788566589e-02,1.661562472581863403e-01,-2.335385978221893311e-01,-1.745419055223464966e-01,-4.725856333971023560e-02,1.921048164367675781e-01,3.504739701747894287e-01,-2.024044245481491089e-01,-1.098834350705146790e-01,-7.386163622140884399e-02,-1.505811065435409546e-01,-1.262409333139657974e-02,6.864386610686779022e-03,-8.256881684064865112e-02,-1.632512509822845459e-01,2.481919713318347931e-02,4.627893120050430298e-02,9.995272755622863770e-01,9.997264742851257324e-01,9.997317194938659668e-01,9.995146393775939941e-01,-9.986101388931274414e-01,-9.989673495292663574e-01,2.831682860851287842e-01,9.997329711914062500e-01,2.000398039817810059e-01,1.228902190923690796e-01
-2.565315067768096924e-01,-1.197535097599029541e-01,-2.420883066952228546e-02,1.952362246811389923e-02,-1.207434907555580139e-01,-2.809825539588928223e-02,9.212552569806575775e-03,1.283734738826751709e-01,-6.934887496754527092e-04,2.312637269496917725e-01,-2.601975798606872559e-01,-2.909158766269683838e-01,-1.202596910297870636e-02,2.182030677795410156e-01,2.597879171371459961e-01,-2.581599950790405273e-01,-9.197517484426498413e-02,5.267563275992870331e-03,-1.956554055213928223e-01,-7.095900177955627441e-02,-5.184946581721305847e-03,-1.320170164108276367e-01,-2.948451936244964600e-01,-2.789372578263282776e-02,7.676070183515548706e-02,9.997769594192504883e-01,9.998200535774230957e-01,9.998264312744140625e-01,9.994997978210449219e-01,-9.994575977325439453e-01,-9.983714818954467773e-01,2.085022777318954468e-01,9.998295307159423828e-01,2.309182435274124146e-01,9.995473176240921021e-02
-2.512013316154479980e-01,-1.327814459800720215e-01,-2.475122176110744476e-02,1.594594493508338928e-02,-1.199021041393280029e-01,-4.131457582116127014e-02,2.051589079201221466e-02,1.335836201906204224e-01,-2.300912328064441681e-02,2.121137529611587524e-01,-2.702275216579437256e-01,-2.834345400333404541e-01,-1.574108004570007324e-02,2.297756522893905640e-01,2.643774747848510742e-01,-2.552059590816497803e-01,-8.743529021739959717e-02,1.949315518140792847e-02,-1.886213719844818115e-01,-6.766703724861145020e-02,-2.174591645598411560e-02,-1.253022998571395874e-01,-2.896785736083984375e-01,-1.886546984314918518e-02,7.725921273231506348e-02,9.997378587722778320e-01,9.998174309730529785e-01,9.998382329940795898e-01,9.995723962783813477e-01,-9.993355870246887207e-01,-9.988821148872375488e-01,2.182763963937759399e-01,9.998190402984619141e-01,2.343465089797973633e-01,1.076510474085807800e-01
-2.427677363157272339e-01,-1.349710971117019653e-01,-2.819230034947395325e-02,9.118298068642616272e-03,-1.268616765737533569e-01,-5.299218371510505676e-02,1.390160620212554932e-02,1.286186724901199341e-01,-3.033941378816962242e-03,1.967095732688903809e-01,-2.650793790817260742e-01,-2.583822607994079590e-01,-2.457952871918678284e-02,2.164674997329711914e-01,2.753103673458099365e-01,-2.438778430223464966e-01,-8.657382428646087646e-02,-5.018373485654592514e-03,-1.915206611156463623e-01,-4.979071021080017090e-02,-5.771080963313579559e-03,-1.565978080034255981e-01,-2.902618646621704102e-01,-7.550599984824657440e-03,7.573366165161132812e-02,9.997410178184509277e-01,9.997867941856384277e-01,9.998093843460083008e-01,9.995223879814147949e-01,-9.993066787719726562e-01,-9.988064765930175781e-01,2.104800045490264893e-01,9.997959733009338379e-01,2.344610095024108887e-01,1.072083935141563416e-01
-2.607809603214263916e-01,-1.183698028326034546e-01,-1.878071576356887817e-02,6.206449121236801147e-03,-1.235355958342552185e-01,-2.826621010899543762e-02,1.642592437565326691e-02,1.296713054180145264e-01,-1.022931188344955444e-02,2.359583228826522827e-01,-2.718974947929382324e-01,-3.033972680568695068e-01,-1.090335194021463394e-02,2.191023528575897217e-01,2.530697286128997803e-01,-2.598607242107391357e-01,-9.778626263141632080e-02,2.841904945671558380e-02,-1.876353472471237183e-01,-5.351384729146957397e-02,-2.385826967656612396e-02,-1.363380998373031616e-01,-2.797235250473022461e-01,-1.509289909154176712e-02,7.335169613361358643e-02,9.997662901878356934e-01,9.998278617858886719e-01,9.998596310615539551e-01,9.995791316032409668e-01,-9.994891285896301270e-01,-9.984804987907409668e-01,1.928094923496246338e-01,9.998295903205871582e-01,2.170995622873306274e-01,1.011118739843368530e-01
-2.533116042613983154e-01,-4.893499240279197693e-02,4.910266958177089691e-03,1.850049756467342377e-02,-8.183755725622177124e-02,-1.708387583494186401e-02,1.787701994180679321e-02,1.326461285352706909e-01,6.644660979509353638e-02,2.784592509269714355e-01,-2.343180775642395020e-01,-2.554373145103454590e-01,5.553994327783584595e-02,1.678857803344726562e-01,2.612457573413848877e-01,-2.112279385328292847e-01,-7.661796361207962036e-02,8.525755256414413452e-02,-3.194431960582733154e-01,-5.993376299738883972e-02,-1.825585588812828064e-02,-5.072556436061859131e-02,-1.955929547548294067e-01,7.728528697043657303e-03,6.119061633944511414e-02,9.996433258056640625e-01,9.997624754905700684e-01,9.997412562370300293e-01,9.996493458747863770e-01,-9.997775554656982422e-01,-9.986884593963623047e-01,1.139596849679946899e-01,9.997749328613281250e-01,2.103392630815505981e-01,1.136336103081703186e-01
-2.498454153537750244e-01,-9.884692728519439697e-02,-4.621839616447687149e-03,9.057274088263511658e-03,-1.135003417730331421e-01,-2.244247496128082275e-02,1.647064811550080776e-03,1.280664056539535522e-01,1.440153643488883972e-02,2.441957592964172363e-01,-2.580507993698120117e-01,-2.836348712444305420e-01,2.541064284741878510e-02,2.047809660434722900e-01,2.507755160331726074e-01,-2.558840215206146240e-01,-7.648930698633193970e-02,3.559531271457672119e-02,-2.327164262533187866e-01,-5.904218181967735291e-02,-3.292323276400566101e-02,-1.112982928752899170e-01,-2.655633687973022461e-01,-1.225400157272815704e-02,7.805912941694259644e-02,9.997463822364807129e-01,9.997667670249938965e-01,9.998081922531127930e-01,9.995649456977844238e-01,-9.996919631958007812e-01,-9.985800385475158691e-01,1.812079548835754395e-01,9.998026490211486816e-01,2.150723189115524292e-01,9.814622998237609863e-02
-2.458873093128204346e-01,-1.118419691920280457e-01,-1.911469548940658569e-02,4.221135750412940979e-03,-1.029021516442298889e-01,-3.215285763144493103e-02,1.598320156335830688e-02,1.375941783189773560e-01,-7.196811493486166000e-04,2.249292880296707153e-01,-2.636585831642150879e-01,-2.885688841342926025e-01,5.631894804537296295e-03,2.079420089721679688e-01,2.587752938270568848e-01,-2.430738955736160278e-01,-7.052597403526306152e-02,1.967506855726242065e-02,-2.089456021785736084e-01,-5.142482370138168335e-02,-2.020437456667423248e-02,-1.236674711108207703e-01,-2.803183197975158691e-01,-2.822475042194128036e-03,7.844830304384231567e-02,9.997071623802185059e-01,9.997984766960144043e-01,9.997982978820800781e-01,9.995726943016052246e-01,-9.996699690818786621e-01,-9.992718696594238281e-01,2.011017650365829468e-01,9.998213052749633789e-01,2.168268710374832153e-01,1.067957282066345215e-01
-1.649526655673980713e-01,-2.343974858522415161e-01,6.298539787530899048e-02,2.364214882254600525e-02,1.749454252421855927e-02,-1.715299785137176514e-01,1.153645217418670654e-01,9.580158442258834839e-02,8.519133925437927246e-02,6.649332586675882339e-03,-2.090181112289428711e-01,-1.246611475944519043e-01,-4.090080037713050842e-02,2.099142670631408691e-01,2.921637892723083496e-01,-1.525990217924118042e-01,-1.395223140716552734e-01,-1.372697055339813232e-01,-8.815439045429229736e-02,7.968883961439132690e-02,-2.439817599952220917e-02,-5.949860066175460815e-02,-1.106231510639190674e-01,6.155439838767051697e-02,-7.828215509653091431e-02,9.996796250343322754e-01,9.998115301132202148e-01,9.997471570968627930e-01,9.995709657669067383e-01,-9.996113777160644531e-01,-9.995597004890441895e-01,2.714654803276062012e-01,9.997823834419250488e-01,1.156527251005172729e-01,1.495792567729949951e-01
-2.533898949623107910e-01,-1.075869724154472351e-01,-5.019038915634155273e-03,7.978716865181922913e-03,-1.103022471070289612e-01,-2.197700366377830505e-02,1.192031055688858032e-02,1.341388225555419922e-01,8.778409101068973541e-03,2.442099899053573608e-01,-2.573715746402740479e-01,-2.878307700157165527e-01,3.953247796744108200e-03,2.120153307914733887e-01,2.465380877256393433e-01,-2.627197206020355225e-01,-9.398348629474639893e-02,3.309792652726173401e-02,-2.260842025279998779e-01,-5.559223890304565430e-02,-3.008655272424221039e-02,-1.198375448584556580e-01,-2.781314551830291748e-01,-2.323375642299652100e-02,6.765626370906829834e-02,9.997312426567077637e-01,9.997950196266174316e-01,9.998320937156677246e-01,9.995056986808776855e-01,-9.998387694358825684e-01,-9.984623789787292480e-01,1.803646385669708252e-01,9.998070001602172852e-01,2.117666155099868774e-01,1.002504378557205200e-01
-2.452771365642547607e-01,-1.827025860548019409e-01,-2.912075631320476532e-02,5.510440096259117126e-03,-1.337597221136093140e-01,-7.936839759349822998e-02,6.665424257516860962e-02,1.150619834661483765e-01,3.428009897470474243e-02,2.066069692373275757e-01,-2.481057941913604736e-01,-2.541174888610839844e-01,-3.734400495886802673e-02,2.140306979417800903e-01,3.049232363700866699e-01,-2.451037764549255371e-01,-1.207276061177253723e-01,-4.309942573308944702e-02,-1.982860118150711060e-01,-6.047363206744194031e-02,2.478759177029132843e-02,-1.293957233428955078e-01,-2.804985940456390381e-01,-4.725430160760879517e-03,7.501534372568130493e-02,9.996813535690307617e-01,9.997848272323608398e-01,9.998053908348083496e-01,9.995046257972717285e-01,-9.996696114540100098e-01,-9.987698793411254883e-01,2.204102873802185059e-01,9.997891187667846680e-01,2.889949083328247070e-01,1.287425756454467773e-01
1.594473794102668762e-02,-2.743211388587951660e-01,1.703028231859207153e-01,1.240397542715072632e-01,9.578493237495422363e-02,-3.032064735889434814e-01,1.559596955776214600e-01,1.142311841249465942e-01,2.901584208011627197e-01,-3.326145410537719727e-01,-1.228701844811439514e-01,5.446440353989601135e-02,-8.373504877090454102e-02,2.471607923507690430e-01,1.517531573772430420e-01,9.013316035270690918e-02,-2.583458125591278076e-01,-3.358904123306274414e-01,3.874019533395767212e-02,2.888576090335845947e-01,-5.575656145811080933e-02,1.196500137448310852e-01,1.135899052023887634e-01,1.172304823994636536e-01,-4.907759726047515869e-01,9.995821714401245117e-01,9.997283816337585449e-01,9.997293949127197266e-01,9.992175102233886719e-01,-9.998721480369567871e-01,-9.977203011512756348e-01,1.884066760540008545e-01,9.997308254241943359e-01,-1.193153560161590576e-01,2.311278730630874634e-01
-2.531651556491851807e-01,-1.275001317262649536e-01,-1.713818497955799103e-02,1.127278059720993042e-02,-1.233735457062721252e-01,-3.837899118661880493e-02,9.317075833678245544e-03,1.357804089784622192e-01,-1.136573590338230133e-02,2.271825671195983887e-01,-2.756052613258361816e-01,-2.880734503269195557e-01,-1.014643814414739609e-02,2.185124009847640991e-01,2.655878663063049316e-01,-2.579455375671386719e-01,-8.697920292615890503e-02,1.779666356742382050e-02,-1.930169314146041870e-01,-5.417571216821670532e-02,-2.619385719299316406e-02,-1.410607695579528809e-01,-2.871988713741302490e-01,-1.563257351517677307e-02,7.285346090793609619e-02,9.997441768646240234e-01,9.998071789741516113e-01,9.998333454132080078e-01,9.995701313018798828e-01,-9.995402693748474121e-01,-9.988049864768981934e-01,2.113677263259887695e-01,9.998168349266052246e-01,2.149964421987533569e-01,1.024138554930686951e-01
-2.510352432727813721e-01,-1.216491013765335083e-01,-2.431683242321014404e-05,2.944735810160636902e-02,-1.176538541913032532e-01,-3.192151710391044617e-02,1.156298629939556122e-02,1.290805786848068237e-01,6.086311303079128265e-03,2.076328843832015991e-01,-2.664044499397277832e-01,-2.861774563789367676e-01,-7.454671896994113922e-03,2.274824678897857666e-01,2.675231993198394775e-01,-2.510813772678375244e-01,-8.140877634286880493e-02,1.010038610547780991e-02,-1.967402249574661255e-01,-6.599373370409011841e-02,-1.393703091889619827e-02,-1.371687948703765869e-01,-2.841003537178039551e-01,-1.683207787573337555e-02,6.903401762247085571e-02,9.997207522392272949e-01,9.998012185096740723e-01,9.998065829277038574e-01,9.996615052223205566e-01,-9.997831583023071289e-01,-9.981729984283447266e-01,2.056941986083984375e-01,9.998068809509277344e-01,2.221551835536956787e-01,1.102710291743278503e-01
-2.312300801277160645e-01,-2.127797752618789673e-01,1.394668687134981155e-02,1.141961943358182907e-02,-9.273023158311843872e-02,-1.070348173379898071e-01,7.409198582172393799e-02,1.026989296078681946e-01,4.168451204895973206e-02,1.429453641176223755e-01,-2.394252866506576538e-01,-1.974622756242752075e-01,-3.901933133602142334e-02,2.288718223571777344e-01,3.308319151401519775e-01,-2.189273536205291748e-01,-1.007739305496215820e-01,-8.379364013671875000e-02,-1.469570696353912354e-01,-2.498125098645687103e-02,1.825188659131526947e-02,-1.139353141188621521e-01,-2.249722778797149658e-01,2.785674482583999634e-02,4.556981846690177917e-02,9.996632337570190430e-01,9.997972846031188965e-01,9.997414350509643555e-01,9.996372461318969727e-01,-9.997192621231079102e-01,-9.996419548988342285e-01,2.629681527614593506e-01,9.997636079788208008e-01,2.188154757022857666e-01,1.151209175586700439e-01
-2.180667668581008911e-01,-2.299489974975585938e-01,3.083248250186443329e-02,1.501591876149177551e-02,-2.269975282251834869e-02,-1.461822986602783203e-01,1.216078922152519226e-01,7.171529531478881836e-02,4.765829071402549744e-02,1.295181065797805786e-01,-2.391055822372436523e-01,-1.771792769432067871e-01,-4.641521722078323364e-02,2.048818022012710571e-01,3.332732319831848145e-01,-1.950917094945907593e-01,-1.306308656930923462e-01,-9.401196241378784180e-02,-1.382900774478912354e-01,2.321820892393589020e-02,-2.554813167080283165e-03,-8.120133727788925171e-02,-1.452030092477798462e-01,3.643980622291564941e-02,3.932364284992218018e-03,9.995849132537841797e-01,9.996706843376159668e-01,9.996625185012817383e-01,9.997207522392272949e-01,-9.985779523849487305e-01,-9.997620582580566406e-01,2.702848017215728760e-01,9.997254610061645508e-01,1.848942339420318604e-01,1.323212236166000366e-01
-2.380886524915695190e-01,-5.666015669703483582e-02,-1.047064550220966339e-02,-1.641590520739555359e-02,-7.211480289697647095e-02,-2.399532310664653778e-02,1.779762469232082367e-02,1.429287791252136230e-01,5.606583505868911743e-02,2.835325598716735840e-01,-2.269816845655441284e-01,-2.640288472175598145e-01,4.741811752319335938e-02,1.656531989574432373e-01,2.477524876594543457e-01,-2.090424746274948120e-01,-7.139505445957183838e-02,5.095985904335975647e-02,-2.987432777881622314e-01,-5.153650417923927307e-02,-1.329888403415679932e-02,-6.973205506801605225e-02,-2.005113214254379272e-01,1.762271672487258911e-02,6.293036788702011108e-02,9.995805621147155762e-01,9.997344613075256348e-01,9.997552633285522461e-01,9.995088577270507812e-01,-9.994267225265502930e-01,-9.993813633918762207e-01,1.437838375568389893e-01,9.997769594192504883e-01,2.140581458806991577e-01,1.109511479735374451e-01
-2.235480546951293945e-01,-2.165095657110214233e-01,2.421229146420955658e-02,2.560219541192054749e-02,-2.621377818286418915e-02,-1.289726048707962036e-01,1.052649021148681641e-01,8.926399052143096924e-02,2.446559630334377289e-02,1.356552094221115112e-01,-2.329666465520858765e-01,-1.818907707929611206e-01,-4.590260237455368042e-02,1.936519145965576172e-01,3.313197493553161621e-01,-2.151404023170471191e-01,-1.207507625222206116e-01,-7.412520051002502441e-02,-1.371977925300598145e-01,-5.205049179494380951e-03,-5.607389379292726517e-03,-9.181471914052963257e-02,-1.957664042711257935e-01,2.065045014023780823e-02,5.666222050786018372e-02,9.996147751808166504e-01,9.997545480728149414e-01,9.997152686119079590e-01,9.996055364608764648e-01,-9.994084239006042480e-01,-9.993353486061096191e-01,2.720958590507507324e-01,9.997299313545227051e-01,2.019292265176773071e-01,1.273350268602371216e-01
-2.615795731544494629e-01,-1.880387067794799805e-01,2.817530184984207153e-04,4.058139398694038391e-03,-1.005267873406410217e-01,-9.906300902366638184e-02,8.269328624010086060e-02,1.000673174858093262e-01,1.347858272492885590e-02,2.220375388860702515e-01,-2.514806389808654785e-01,-2.236992716789245605e-01,-4.871358722448348999e-02,2.088612914085388184e-01,3.375748395919799805e-01,-2.490585744380950928e-01,-1.023722589015960693e-01,-7.107067853212356567e-02,-2.199181020259857178e-01,-4.989284649491310120e-02,1.028820965439081192e-02,-1.131130680441856384e-01,-2.588581144809722900e-01,2.254234394058585167e-03,5.743482708930969238e-02,9.997478127479553223e-01,9.997909665107727051e-01,9.998183846473693848e-01,9.996042251586914062e-01,-9.997199773788452148e-01,-9.990367293357849121e-01,2.477841824293136597e-01,9.998014569282531738e-01,2.804739773273468018e-01,1.404436826705932617e-01
-2.456982433795928955e-01,-1.056945323944091797e-01,-2.444971818476915359e-03,2.025078423321247101e-02,-9.188006073236465454e-02,-2.855784632265567780e-02,1.597847789525985718e-02,1.273705810308456421e-01,3.426142781972885132e-02,2.342609763145446777e-01,-2.594447731971740723e-01,-2.763977944850921631e-01,3.315374255180358887e-02,2.070625722408294678e-01,2.618599236011505127e-01,-2.342083007097244263e-01,-7.302302122116088867e-02,4.149880260229110718e-02,-2.429392039775848389e-01,-6.151788681745529175e-02,-1.773582771420478821e-02,-1.061379387974739075e-01,-2.570872604846954346e-01,4.667428787797689438e-03,5.545337498188018799e-02,9.997155070304870605e-01,9.997959733009338379e-01,9.997802376747131348e-01,9.996525049209594727e-01,-9.996655583381652832e-01,-9.991841912269592285e-01,1.861882805824279785e-01,9.998081326484680176e-01,2.159040421247482300e-01,1.101481467485427856e-01
-2.085188180208206177e-01,-2.418532222509384155e-01,3.079864382743835449e-02,1.456644199788570404e-02,-5.295248702168464661e-03,-1.524921953678131104e-01,1.378045231103897095e-01,9.410858154296875000e-02,3.784766048192977905e-02,1.026843413710594177e-01,-2.345221936702728271e-01,-1.471003890037536621e-01,-4.466061666607856750e-02,2.024020850658416748e-01,3.382591009140014648e-01,-1.841759532690048218e-01,-1.438704878091812134e-01,-9.485660493373870850e-02,-1.179004609584808350e-01,2.807829901576042175e-02,-9.936876595020294189e-03,-6.972514837980270386e-02,-1.339062899351119995e-01,3.166259825229644775e-02,2.253724820911884308e-02,9.996091723442077637e-01,9.997457265853881836e-01,9.996970295906066895e-01,9.996297359466552734e-01,-9.986535906791687012e-01,-9.995745420455932617e-01,2.880975902080535889e-01,9.997476339340209961e-01,1.717844754457473755e-01,1.345272660255432129e-01
-2.760754823684692383e-01,-1.799538433551788330e-01,-7.070286199450492859e-03,1.083425618708133698e-02,-1.180163323879241943e-01,-1.011102199554443359e-01,5.048614367842674255e-02,1.044710874557495117e-01,-3.763750428333878517e-03,1.902453452348709106e-01,-2.794617414474487305e-01,-2.113063037395477295e-01,-2.393885515630245209e-02,2.293128222227096558e-01,3.312278985977172852e-01,-2.346379458904266357e-01,-9.453933686017990112e-02,-5.323622375726699829e-02,-1.893022805452346802e-01,-6.085474789142608643e-02,8.992466144263744354e-03,-1.481306105852127075e-01,-2.531944215297698975e-01,2.061518374830484390e-03,4.608372971415519714e-02,9.996316432952880859e-01,9.997654557228088379e-01,9.997696876525878906e-01,9.995952844619750977e-01,-9.996880888938903809e-01,-9.989816546440124512e-01,2.537243962287902832e-01,9.997290968894958496e-01,2.933933138847351074e-01,1.338109821081161499e-01
-1.819364875555038452e-01,-2.487074732780456543e-01,5.740004032850265503e-02,2.708809636533260345e-02,1.238744519650936127e-02,-1.896081715822219849e-01,1.420993804931640625e-01,8.268114924430847168e-02,9.690032899379730225e-02,2.955168299376964569e-02,-2.156496196985244751e-01,-1.163789853453636169e-01,-5.349519848823547363e-02,2.175545543432235718e-01,3.070508837699890137e-01,-1.322772204875946045e-01,-1.440477520227432251e-01,-1.323128640651702881e-01,-8.908241987228393555e-02,9.739574790000915527e-02,-1.903309486806392670e-02,-3.180441632866859436e-02,-8.365275710821151733e-02,5.550658702850341797e-02,-8.929508179426193237e-02,9.996354579925537109e-01,9.997419118881225586e-01,9.997459650039672852e-01,9.997844696044921875e-01,-9.982801675796508789e-01,-9.997637867927551270e-01,2.730434834957122803e-01,9.997606873512268066e-01,1.114536970853805542e-01,1.445266008377075195e-01
-2.497855126857757568e-01,-2.157147824764251709e-01,2.022060938179492950e-02,2.285033278167247772e-02,-9.049548208713531494e-02,-1.212501227855682373e-01,9.030488878488540649e-02,1.006417945027351379e-01,2.280955016613006592e-02,1.937975436449050903e-01,-2.575551867485046387e-01,-2.074463814496994019e-01,-2.937534824013710022e-02,1.946192979812622070e-01,3.562734127044677734e-01,-2.279851585626602173e-01,-1.107596978545188904e-01,-6.879640370607376099e-02,-1.867782920598983765e-01,-2.838311158120632172e-02,2.564654871821403503e-02,-1.001711189746856689e-01,-2.228354662656784058e-01,2.944113127887248993e-02,4.513913765549659729e-02,9.996533989906311035e-01,9.997897744178771973e-01,9.997723102569580078e-01,9.996446371078491211e-01,-9.995235800743103027e-01,-9.994483590126037598e-01,2.705152928829193115e-01,9.997747540473937988e-01,2.754051983356475830e-01,1.375126540660858154e-01
-2.645853459835052490e-01,-1.940218359231948853e-01,-1.093740109354257584e-02,-6.827871315181255341e-03,-1.317749768495559692e-01,-8.489344269037246704e-02,9.662776440382003784e-02,1.169584095478057861e-01,2.143917791545391083e-02,2.239258736371994019e-01,-2.503052055835723877e-01,-2.203021794557571411e-01,-2.318847179412841797e-02,2.134625166654586792e-01,3.365285098552703857e-01,-2.347288429737091064e-01,-1.207706779241561890e-01,-5.733948200941085815e-02,-2.051954865455627441e-01,-7.036729156970977783e-02,1.760341599583625793e-02,-1.110560819506645203e-01,-2.347927689552307129e-01,8.939635939896106720e-03,5.526868626475334167e-02,9.997196197509765625e-01,9.998028278350830078e-01,9.997881054878234863e-01,9.995311498641967773e-01,-9.995950460433959961e-01,-9.988521337509155273e-01,2.401839792728424072e-01,9.998004436492919922e-01,2.765711545944213867e-01,1.216254979372024536e-01
-2.563740909099578857e-01,-1.425007879734039307e-01,-6.862604524940252304e-03,2.020898088812828064e-02,-1.031881198287010193e-01,-5.360075458884239197e-02,4.148752242326736450e-02,1.398035734891891479e-01,-4.388614906929433346e-04,2.066633403301239014e-01,-2.456720471382141113e-01,-2.405955940485000610e-01,-1.659390330314636230e-02,2.166322171688079834e-01,2.718242108821868896e-01,-2.338538020849227905e-01,-1.094535067677497864e-01,-2.788043580949306488e-02,-2.180265784263610840e-01,-7.690465450286865234e-02,1.262579672038555145e-02,-1.096636205911636353e-01,-2.842472195625305176e-01,-1.737868785858154297e-02,6.967264413833618164e-02,9.997045397758483887e-01,9.997798204421997070e-01,9.997581243515014648e-01,9.993969798088073730e-01,-9.997165203094482422e-01,-9.986181259155273438e-01,2.209167033433914185e-01,9.997969269752502441e-01,2.407772243022918701e-01,9.869167953729629517e-02
-2.568754255771636963e-01,-1.186223998665809631e-01,1.127628143876791000e-03,6.420925725251436234e-03,-1.167110577225685120e-01,-3.092726133763790131e-02,9.570133872330188751e-03,1.311049014329910278e-01,9.899120777845382690e-03,2.370688170194625854e-01,-2.628538608551025391e-01,-2.814699113368988037e-01,1.039616577327251434e-02,2.125663012266159058e-01,2.697701752185821533e-01,-2.553263902664184570e-01,-8.460836112499237061e-02,1.777359098196029663e-02,-2.234973907470703125e-01,-5.830508470535278320e-02,-1.890888251364231110e-02,-1.157627105712890625e-01,-2.673253417015075684e-01,-1.284500118345022202e-02,7.879699021577835083e-02,9.997345805168151855e-01,9.997730851173400879e-01,9.997666478157043457e-01,9.996331930160522461e-01,-9.997081756591796875e-01,-9.990900158882141113e-01,1.866771429777145386e-01,9.997804760932922363e-01,2.212178260087966919e-01,1.107212007045745850e-01
-2.438939660787582397e-01,-7.548122107982635498e-02,-1.661772839725017548e-02,1.370028592646121979e-03,-9.877548366785049438e-02,-1.713590137660503387e-02,1.775122806429862976e-02,1.391610205173492432e-01,2.686490677297115326e-02,2.684307396411895752e-01,-2.372846454381942749e-01,-2.880901098251342773e-01,1.703781820833683014e-02,1.893352270126342773e-01,2.398030459880828857e-01,-2.419120520353317261e-01,-7.794321328401565552e-02,5.052877217531204224e-02,-2.614673674106597900e-01,-5.076080560684204102e-02,-2.494147419929504395e-02,-9.180748462677001953e-02,-2.521335780620574951e-01,-4.545319359749555588e-03,6.299836933612823486e-02,9.997202157974243164e-01,9.997830390930175781e-01,9.997920989990234375e-01,9.994958639144897461e-01,-9.998052120208740234e-01,-9.990825057029724121e-01,1.532597839832305908e-01,9.998028278350830078e-01,2.058790773153305054e-01,1.085733920335769653e-01
-1.763082146644592285e-01,-2.450586706399917603e-01,6.991979479789733887e-02,3.759255260229110718e-02,4.244323819875717163e-03,-1.724105030298233032e-01,1.240680813789367676e-01,8.613444864749908447e-02,1.108298599720001221e-01,1.696870103478431702e-02,-2.022697031497955322e-01,-1.252774447202682495e-01,-4.845961928367614746e-02,2.207228541374206543e-01,3.020725250244140625e-01,-1.411260664463043213e-01,-1.491330713033676147e-01,-1.312879770994186401e-01,-8.445767313241958618e-02,8.219958841800689697e-02,-2.692313119769096375e-02,-2.914972417056560516e-02,-9.873256832361221313e-02,5.449838191270828247e-02,-9.761163592338562012e-02,9.995670914649963379e-01,9.997164011001586914e-01,9.997010827064514160e-01,9.997730851173400879e-01,-9.993535876274108887e-01,-9.997022747993469238e-01,2.602425515651702881e-01,9.997153878211975098e-01,1.018821001052856445e-01,1.499913185834884644e-01
-2.035479843616485596e-01,-2.241340726613998413e-01,3.747884929180145264e-02,2.267865836620330811e-02,-2.898077666759490967e-02,-1.425565481185913086e-01,1.174137070775032043e-01,7.552074640989303589e-02,4.031836986541748047e-02,1.050012111663818359e-01,-2.380440235137939453e-01,-1.784976571798324585e-01,-4.665910452604293823e-02,2.095704376697540283e-01,3.264282047748565674e-01,-1.963717341423034668e-01,-1.424151211977005005e-01,-8.717921376228332520e-02,-1.231323033571243286e-01,1.775285601615905762e-02,-1.587493694387376308e-03,-7.134201377630233765e-02,-1.514714360237121582e-01,4.029884934425354004e-02,1.491369958966970444e-02,9.994907379150390625e-01,9.996758699417114258e-01,9.996480941772460938e-01,9.997959733009338379e-01,-9.991825819015502930e-01,-9.999054670333862305e-01,2.746897339820861816e-01,9.996778964996337891e-01,1.747899949550628662e-01,1.476819813251495361e-01
-2.549857497215270996e-01,-9.920644760131835938e-02,-1.936094835400581360e-02,3.804361447691917419e-03,-1.048199757933616638e-01,-2.219597250223159790e-02,6.853036116808652878e-03,1.337748765945434570e-01,5.520373117178678513e-03,2.443628758192062378e-01,-2.667975723743438721e-01,-2.870019376277923584e-01,1.633920706808567047e-02,2.096433341503143311e-01,2.448896169662475586e-01,-2.509452402591705322e-01,-8.463650941848754883e-02,3.600346669554710388e-02,-2.184817641973495483e-01,-5.780654400587081909e-02,-2.233855985105037689e-02,-1.095605492591857910e-01,-2.688873112201690674e-01,-1.132695097476243973e-02,7.899803668260574341e-02,9.997312426567077637e-01,9.997754693031311035e-01,9.998243451118469238e-01,9.995481967926025391e-01,-9.993945956230163574e-01,-9.989510774612426758e-01,1.858251839876174927e-01,9.998157024383544922e-01,2.075995057821273804e-01,1.082269251346588135e-01
-2.361581027507781982e-01,-3.653268888592720032e-02,4.896990489214658737e-03,3.769485512748360634e-03,-5.244229733943939209e-02,-1.744846068322658539e-02,3.453932702541351318e-02,1.534418314695358276e-01,8.671291917562484741e-02,2.958254516124725342e-01,-2.303343564271926880e-01,-2.377381771802902222e-01,8.369434624910354614e-02,1.362635940313339233e-01,2.531915307044982910e-01,-1.749569922685623169e-01,-7.505923509597778320e-02,8.533922582864761353e-02,-3.618705272674560547e-01,-7.233925163745880127e-02,-1.876040734350681305e-02,-1.532557234168052673e-02,-1.464313417673110962e-01,3.483134508132934570e-02,4.054558649659156799e-02,9.995147585868835449e-01,9.995970726013183594e-01,9.996349811553955078e-01,9.995104074478149414e-01,-9.993212223052978516e-01,-9.993778467178344727e-01,1.063947081565856934e-01,9.996742606163024902e-01,2.215155661106109619e-01,1.160952076315879822e-01
-2.486024945974349976e-01,-1.352265477180480957e-01,-6.082338746637105942e-03,9.715497493743896484e-03,-1.212297827005386353e-01,-4.530399665236473083e-02,1.852292940020561218e-02,1.357207000255584717e-01,4.472899716347455978e-03,2.075626552104949951e-01,-2.599398791790008545e-01,-2.702194154262542725e-01,-5.635158158838748932e-03,2.292590439319610596e-01,2.678941190242767334e-01,-2.520336210727691650e-01,-1.015833765268325806e-01,6.191818043589591980e-03,-1.909444183111190796e-01,-5.355783551931381226e-02,-6.643644068390130997e-03,-1.303046047687530518e-01,-2.931432127952575684e-01,-1.774172857403755188e-02,8.730896562337875366e-02,9.997081160545349121e-01,9.998010993003845215e-01,9.998088479042053223e-01,9.996516704559326172e-01,-9.997169971466064453e-01,-9.982288479804992676e-01,2.160588502883911133e-01,9.998040199279785156e-01,2.239322513341903687e-01,1.195001676678657532e-01
-1.357388496398925781e-01,-2.537203431129455566e-01,9.776607155799865723e-02,5.935471504926681519e-02,3.471194580197334290e-02,-2.263503819704055786e-01,1.615342944860458374e-01,8.855713158845901489e-02,1.384858936071395874e-01,-7.567422837018966675e-02,-1.932944953441619873e-01,-7.337413728237152100e-02,-6.926789879798889160e-02,2.207354903221130371e-01,2.789171040058135986e-01,-7.201080024242401123e-02,-1.828656047582626343e-01,-1.842559874057769775e-01,-3.648991882801055908e-02,1.511344164609909058e-01,-3.745834529399871826e-02,1.963217929005622864e-02,-1.409556344151496887e-02,7.032165676355361938e-02,-2.094046622514724731e-01,9.996793270111083984e-01,9.997860789299011230e-01,9.997686743736267090e-01,9.998213052749633789e-01,-9.984840154647827148e-01,-9.997372031211853027e-01,2.560704052448272705e-01,9.997904300689697266e-01,3.265191614627838135e-02,1.711392253637313843e-01
-2.395713031291961670e-01,-2.241348177194595337e-01,2.452766522765159607e-02,4.867240786552429199e-03,-5.650806054472923279e-02,-1.392517685890197754e-01,1.081763580441474915e-01,8.358772844076156616e-02,1.704599149525165558e-02,1.665073633193969727e-01,-2.363812625408172607e-01,-1.733273863792419434e-01,-5.365791171789169312e-02,1.935761272907257080e-01,3.431121706962585449e-01,-2.100854068994522095e-01,-1.177849918603897095e-01,-7.071988284587860107e-02,-1.457613706588745117e-01,-2.006291784346103668e-02,1.687945239245891571e-02,-8.881599456071853638e-02,-1.745810955762863159e-01,3.199508413672447205e-02,6.408529728651046753e-02,9.995329976081848145e-01,9.997305870056152344e-01,9.997376203536987305e-01,9.996638894081115723e-01,-9.989042282104492188e-01,-9.996098875999450684e-01,2.621178925037384033e-01,9.996972084045410156e-01,2.124129980802536011e-01,1.218810677528381348e-01
-2.535915374755859375e-01,-1.368304193019866943e-01,-1.525110565125942230e-02,2.946387790143489838e-02,-1.369373649358749390e-01,-3.277338668704032898e-02,5.970402806997299194e-02,1.203537732362747192e-01,6.654160562902688980e-03,2.067751437425613403e-01,-2.602024972438812256e-01,-2.374834120273590088e-01,-1.085254829376935959e-02,2.059976905584335327e-01,2.659064233303070068e-01,-2.425860464572906494e-01,-1.182350367307662964e-01,-1.925886981189250946e-02,-1.943611651659011841e-01,-9.134502708911895752e-02,-1.180186169221997261e-03,-1.058096289634704590e-01,-2.559098303318023682e-01,-9.088230319321155548e-03,7.172428816556930542e-02,9.995443820953369141e-01,9.996437430381774902e-01,9.996766448020935059e-01,9.990833401679992676e-01,-9.995899796485900879e-01,-9.975158572196960449e-01,2.312906086444854736e-01,9.996865987777709961e-01,2.540274858474731445e-01,1.109150201082229614e-01
-2.510439157485961914e-01,-6.768982112407684326e-02,-6.578548811376094818e-03,3.645166754722595215e-03,-9.214160591363906860e-02,-1.293150335550308228e-02,5.941774696111679077e-03,1.347864419221878052e-01,2.353632450103759766e-02,2.746907174587249756e-01,-2.498164623975753784e-01,-2.841075956821441650e-01,2.612947486340999603e-02,1.840387731790542603e-01,2.446866929531097412e-01,-2.346971333026885986e-01,-6.964906305074691772e-02,5.848475545644760132e-02,-2.704001367092132568e-01,-5.672786757349967957e-02,-2.820318378508090973e-02,-8.670074492692947388e-02,-2.262289226055145264e-01,-3.283598460257053375e-03,6.053991243243217468e-02,9.996731877326965332e-01,9.998046755790710449e-01,9.998179078102111816e-01,9.996085762977600098e-01,-9.995655417442321777e-01,-9.991868138313293457e-01,1.556229442358016968e-01,9.998152852058410645e-01,1.982700228691101074e-01,9.819333255290985107e-02
-1.139457076787948608e-01,-2.586382031440734863e-01,9.975381195545196533e-02,5.598158761858940125e-02,4.455519840121269226e-02,-2.282024919986724854e-01,1.486328244209289551e-01,9.482667595148086548e-02,1.600284427404403687e-01,-1.095387488603591919e-01,-1.926872283220291138e-01,-6.970094144344329834e-02,-5.577639117836952209e-02,2.433701008558273315e-01,2.540219724178314209e-01,-6.089115515351295471e-02,-1.875970661640167236e-01,-1.990116983652114868e-01,-3.661512210965156555e-02,1.628679782152175903e-01,-3.019143640995025635e-02,1.299584563821554184e-02,-1.916036754846572876e-02,7.822193205356597900e-02,-2.414241433143615723e-01,9.996066093444824219e-01,9.997276067733764648e-01,9.997079968452453613e-01,9.996698498725891113e-01,-9.994226694107055664e-01,-9.997735619544982910e-01,2.528015375137329102e-01,9.997314810752868652e-01,2.692242898046970367e-02,1.804159432649612427e-01
-2.322258353233337402e-01,-2.103364169597625732e-01,2.296262979507446289e-02,1.618172414600849152e-02,-5.527327954769134521e-02,-1.168725639581680298e-01,1.038862317800521851e-01,1.004968360066413879e-01,2.256191708147525787e-02,1.460181772708892822e-01,-2.500224411487579346e-01,-1.990388035774230957e-01,-2.516295574605464935e-02,2.115885615348815918e-01,3.480933606624603271e-01,-2.195497006177902222e-01,-1.188019737601280212e-01,-7.312683016061782837e-02,-1.467553526163101196e-01,-1.157584507018327713e-02,-1.006967853754758835e-03,-1.012260988354682922e-01,-1.966538131237030029e-01,2.925563603639602661e-02,4.925015941262245178e-02,9.996492266654968262e-01,9.997574090957641602e-01,9.997441172599792480e-01,9.997890591621398926e-01,-9.996978044509887695e-01,-9.996899962425231934e-01,2.721605300903320312e-01,9.997670650482177734e-01,2.080363184213638306e-01,1.286179274320602417e-01
-2.492164671421051025e-01,-1.218167021870613098e-01,-1.184155582450330257e-03,1.307182200253009796e-02,-1.091675236821174622e-01,-3.480039536952972412e-02,1.446386799216270447e-02,1.383917629718780518e-01,6.557299755513668060e-03,2.154918015003204346e-01,-2.641899585723876953e-01,-2.816035151481628418e-01,-2.479512477293610573e-03,2.192004472017288208e-01,2.635728418827056885e-01,-2.464667409658432007e-01,-8.531708270311355591e-02,2.586978487670421600e-02,-2.152454853057861328e-01,-5.657767504453659058e-02,-1.880883239209651947e-02,-1.213469430804252625e-01,-2.655980587005615234e-01,-1.143736951053142548e-02,6.170982122421264648e-02,9.997251033782958984e-01,9.998200535774230957e-01,9.998016357421875000e-01,9.996243715286254883e-01,-9.997706413269042969e-01,-9.985514879226684570e-01,1.938592195510864258e-01,9.998258352279663086e-01,2.229295223951339722e-01,1.079143285751342773e-01
-1.440503746271133423e-01,-2.497646659612655640e-01,7.767629623413085938e-02,4.618240892887115479e-02,1.404696609824895859e-02,-1.949586123228073120e-01,1.200705170631408691e-01,8.171173930168151855e-02,1.181901618838310242e-01,-3.379246965050697327e-02,-1.948923021554946899e-01,-1.079309955239295959e-01,-5.272752791643142700e-02,2.194369435310363770e-01,2.800170779228210449e-01,-1.118490323424339294e-01,-1.636290699243545532e-01,-1.619513928890228271e-01,-5.783086642622947693e-02,1.092390492558479309e-01,-2.347116917371749878e-02,-1.909620314836502075e-02,-8.276588469743728638e-02,6.812635064125061035e-02,-1.501940041780471802e-01,9.996266365051269531e-01,9.997397661209106445e-01,9.997392296791076660e-01,9.996773600578308105e-01,-9.996638894081115723e-01,-9.998223185539245605e-01,2.628926336765289307e-01,9.997630119323730469e-01,8.428327739238739014e-02,1.533120423555374146e-01
-2.436935454607009888e-01,-1.174352616071701050e-01,-1.259495038539171219e-02,1.669209264218807220e-02,-1.107727438211441040e-01,-3.463234752416610718e-02,1.336247008293867111e-02,1.390634775161743164e-01,3.486201865598559380e-03,2.101849317550659180e-01,-2.688383162021636963e-01,-2.727454900741577148e-01,2.458955720067024231e-02,2.132702171802520752e-01,2.712199091911315918e-01,-2.402065396308898926e-01,-8.131333440542221069e-02,8.186295628547668457e-03,-2.133509665727615356e-01,-5.697043240070343018e-02,-1.226275600492954254e-02,-1.099852174520492554e-01,-2.656455636024475098e-01,-7.238080725073814392e-03,6.915567070245742798e-02,9.997215867042541504e-01,9.997926950454711914e-01,9.997874498367309570e-01,9.997102618217468262e-01,-9.994858503341674805e-01,-9.988448619842529297e-01,1.984249204397201538e-01,9.998038411140441895e-01,2.180596441030502319e-01,1.057914197444915771e-01
-2.429370433092117310e-01,-2.395374476909637451e-01,2.855963446199893951e-02,4.913991782814264297e-03,-3.494009375572204590e-02,-1.264235675334930420e-01,1.312645524740219116e-01,9.664790332317352295e-02,3.186077252030372620e-02,1.475127637386322021e-01,-2.391874641180038452e-01,-1.754330098628997803e-01,-4.546196386218070984e-02,1.939991563558578491e-01,3.518606722354888916e-01,-2.227679044008255005e-01,-1.295160651206970215e-01,-8.327852189540863037e-02,-1.378574073314666748e-01,4.164185374975204468e-03,1.125466078519821167e-02,-7.251654565334320068e-02,-1.584603935480117798e-01,3.736411407589912415e-02,4.993632063269615173e-02,9.994562864303588867e-01,9.997206926345825195e-01,9.997047781944274902e-01,9.996249675750732422e-01,-9.982846975326538086e-01,-9.995984435081481934e-01,2.651366293430328369e-01,9.996961951255798340e-01,1.948804557323455811e-01,1.244060695171356201e-01
-2.768269777297973633e-01,-2.008140534162521362e-01,-1.724886707961559296e-02,1.621667481958866119e-02,-1.308936923742294312e-01,-8.159565180540084839e-02,6.818698346614837646e-02,1.032662019133567810e-01,1.931819505989551544e-02,2.263827323913574219e-01,-2.644942998886108398e-01,-2.115429788827896118e-01,-2.693483233451843262e-02,2.060780823230743408e-01,3.348520100116729736e-01,-2.329559624195098877e-01,-1.373814046382904053e-01,-4.977661371231079102e-02,-2.132801711559295654e-01,-7.983238250017166138e-02,2.415215410292148590e-02,-1.270999908447265625e-01,-2.611953616142272949e-01,-6.161750759929418564e-03,5.343924835324287415e-02,9.997324347496032715e-01,9.998025298118591309e-01,9.998071789741516113e-01,9.995791316032409668e-01,-9.995124936103820801e-01,-9.985467791557312012e-01,2.424838691949844360e-01,9.997873306274414062e-01,2.809304594993591309e-01,1.288066804409027100e-01
-2.593178749084472656e-01,-2.349677085876464844e-01,-1.193862408399581909e-04,1.333501841872930527e-02,-9.232808649539947510e-02,-9.533385932445526123e-02,8.822344988584518433e-02,9.956503659486770630e-02,2.848806045949459076e-02,1.852932423353195190e-01,-2.620906233787536621e-01,-2.160400301218032837e-01,-2.309126779437065125e-02,2.138471454381942749e-01,3.496062755584716797e-01,-2.467273175716400146e-01,-1.183995530009269714e-01,-6.446165591478347778e-02,-1.814696043729782104e-01,-4.921726137399673462e-02,3.314266726374626160e-02,-1.350860893726348877e-01,-2.473903447389602661e-01,2.432997338473796844e-02,7.546348124742507935e-02,9.996956586837768555e-01,9.997764825820922852e-01,9.997566938400268555e-01,9.996129274368286133e-01,-9.996271133422851562e-01,-9.992415904998779297e-01,2.617696225643157959e-01,9.997928142547607422e-01,2.699138522148132324e-01,1.211468726396560669e-01
-2.445210367441177368e-01,-6.296988576650619507e-02,-1.184326945804059505e-03,3.336739027872681618e-03,-8.484422415494918823e-02,-6.483072414994239807e-03,4.776806104928255081e-03,1.377313584089279175e-01,3.740416839718818665e-02,2.707898318767547607e-01,-2.476135939359664917e-01,-2.779048681259155273e-01,4.954829439520835876e-02,1.811773180961608887e-01,2.389236688613891602e-01,-2.236917465925216675e-01,-6.720830500125885010e-02,6.919955462217330933e-02,-2.933780252933502197e-01,-5.535626783967018127e-02,-2.700139768421649933e-02,-6.781566888093948364e-02,-2.183859646320343018e-01,3.752096323296427727e-03,5.996835231781005859e-02,9.996864795684814453e-01,9.997997879981994629e-01,9.997952580451965332e-01,9.996330738067626953e-01,-9.993692636489868164e-01,-9.992007017135620117e-01,1.540413200855255127e-01,9.997842311859130859e-01,1.963128745555877686e-01,1.006465852260589600e-01
-2.359122633934020996e-01,-4.091657698154449463e-02,1.315339095890522003e-02,5.284827668219804764e-03,-6.793426722288131714e-02,-1.378708332777023315e-02,2.634590864181518555e-02,1.437619179487228394e-01,8.053002506494522095e-02,2.855298817157745361e-01,-2.271881997585296631e-01,-2.464601099491119385e-01,7.267715781927108765e-02,1.467282474040985107e-01,2.526556551456451416e-01,-1.931890398263931274e-01,-7.976847887039184570e-02,7.696304470300674438e-02,-3.329142630100250244e-01,-7.831744104623794556e-02,-1.906778290867805481e-02,-3.845865651965141296e-02,-1.663961261510848999e-01,2.505823783576488495e-02,4.996588826179504395e-02,9.996042251586914062e-01,9.996752738952636719e-01,9.997196793556213379e-01,9.995862841606140137e-01,-9.996244907379150391e-01,-9.990314245223999023e-01,1.063162237405776978e-01,9.997113347053527832e-01,2.206487953662872314e-01,1.130488961935043335e-01
-2.254844307899475098e-01,-2.312349230051040649e-01,2.830193564295768738e-02,7.038843818008899689e-03,-4.963672906160354614e-02,-1.331987231969833374e-01,1.217933520674705505e-01,9.630268067121505737e-02,3.525620326399803162e-02,1.157855987548828125e-01,-2.410090565681457520e-01,-1.763538718223571777e-01,-3.134994581341743469e-02,2.018797844648361206e-01,3.345025479793548584e-01,-2.035722136497497559e-01,-1.403816938400268555e-01,-8.280113339424133301e-02,-1.506380736827850342e-01,-7.441879715770483017e-04,1.912387460470199585e-02,-7.920620590448379517e-02,-1.721131056547164917e-01,3.889928758144378662e-02,4.815432801842689514e-02,9.995471835136413574e-01,9.996705055236816406e-01,9.996883273124694824e-01,9.997898340225219727e-01,-9.982158541679382324e-01,-9.998854398727416992e-01,2.869164645671844482e-01,9.996866583824157715e-01,2.119137495756149292e-01,1.399470716714859009e-01
-2.353854030370712280e-01,-1.205153986811637878e-01,-1.286884583532810211e-02,1.369030959904193878e-02,-1.101159974932670593e-01,-3.278158977627754211e-02,3.303027153015136719e-02,1.479561030864715576e-01,-3.862472949549555779e-03,2.167057394981384277e-01,-2.606825530529022217e-01,-2.751136124134063721e-01,6.825420539826154709e-03,2.090897113084793091e-01,2.725412845611572266e-01,-2.312659919261932373e-01,-7.254505157470703125e-02,-3.388715675100684166e-03,-2.100107669830322266e-01,-5.603834241628646851e-02,7.083781529217958450e-03,-1.276837140321731567e-01,-2.814826965332031250e-01,2.653878182172775269e-04,7.965268939733505249e-02,9.997622370719909668e-01,9.997702240943908691e-01,9.997894167900085449e-01,9.995456337928771973e-01,-9.997474551200866699e-01,-9.993230104446411133e-01,2.160291075706481934e-01,9.998057484626770020e-01,2.296906560659408569e-01,9.901259094476699829e-02
-2.477827072143554688e-01,-1.009283363819122314e-01,4.786643257830291986e-04,1.085754949599504471e-02,-9.759927541017532349e-02,-1.775978133082389832e-02,2.117693610489368439e-02,1.312550306320190430e-01,2.840771712362766266e-02,2.371139228343963623e-01,-2.466587573289871216e-01,-2.781961262226104736e-01,1.724420860409736633e-02,2.036779373884201050e-01,2.550787925720214844e-01,-2.375583648681640625e-01,-7.714247703552246094e-02,3.886854276061058044e-02,-2.326825410127639771e-01,-6.827712059020996094e-02,-1.335136685520410538e-02,-1.130264624953269958e-01,-2.652192115783691406e-01,-6.905138492584228516e-03,5.795339867472648621e-02,9.997036457061767578e-01,9.998118877410888672e-01,9.997718930244445801e-01,9.994746446609497070e-01,-9.996827840805053711e-01,-9.986348152160644531e-01,1.747809052467346191e-01,9.998019337654113770e-01,2.080805599689483643e-01,1.083457693457603455e-01
-2.372960150241851807e-01,-2.891118451952934265e-02,4.164792597293853760e-03,-2.706682775169610977e-03,-5.996608734130859375e-02,-1.540586911141872406e-02,2.762150391936302185e-02,1.503723412752151489e-01,7.847149670124053955e-02,3.006632030010223389e-01,-2.329248040914535522e-01,-2.340885698795318604e-01,8.365486562252044678e-02,1.282311379909515381e-01,2.541614472866058350e-01,-1.693940609693527222e-01,-7.807087898254394531e-02,7.832810282707214355e-02,-3.630473613739013672e-01,-6.429784744977951050e-02,-2.653972478583455086e-03,-9.433202445507049561e-03,-1.394174844026565552e-01,3.794048726558685303e-02,5.140585824847221375e-02,9.995238184928894043e-01,9.996538162231445312e-01,9.996401667594909668e-01,9.996736645698547363e-01,-9.970960021018981934e-01,-9.992360472679138184e-01,1.094156205654144287e-01,9.996805787086486816e-01,2.147734910249710083e-01,1.129748001694679260e-01
-2.502271234989166260e-01,-1.141884773969650269e-01,-8.034172467887401581e-03,1.067881379276514053e-02,-1.103564798831939697e-01,-2.667368017137050629e-02,4.637561272829771042e-03,1.379277706146240234e-01,-2.813308965414762497e-03,2.270293682813644409e-01,-2.632603347301483154e-01,-2.882052063941955566e-01,4.299693740904331207e-03,2.081822156906127930e-01,2.603355944156646729e-01,-2.531546652317047119e-01,-7.019511610269546509e-02,2.208845876157283783e-02,-2.098290473222732544e-01,-5.646390467882156372e-02,-2.479604259133338928e-02,-1.242197901010513306e-01,-2.844351232051849365e-01,-1.208132691681385040e-02,8.079751580953598022e-02,9.997392296791076660e-01,9.997790455818176270e-01,9.998073577880859375e-01,9.995539188385009766e-01,-9.997128248214721680e-01,-9.990823268890380859e-01,2.020798623561859131e-01,9.998102784156799316e-01,2.059835046529769897e-01,9.473407268524169922e-02
-1.835407763719558716e-01,-2.338275909423828125e-01,6.018676981329917908e-02,3.146994486451148987e-02,1.029212120920419693e-02,-1.752520650625228882e-01,1.384362131357192993e-01,8.611241728067398071e-02,8.658160269260406494e-02,2.690350450575351715e-02,-2.109079360961914062e-01,-1.225325092673301697e-01,-4.599947109818458557e-02,2.006234675645828247e-01,3.111686706542968750e-01,-1.384157836437225342e-01,-1.480615586042404175e-01,-1.188271716237068176e-01,-8.592177927494049072e-02,7.450450956821441650e-02,-3.194067627191543579e-02,-4.650203511118888855e-02,-9.471963346004486084e-02,5.533506721258163452e-02,-6.885327398777008057e-02,9.995530247688293457e-01,9.997336268424987793e-01,9.996921420097351074e-01,9.996711015701293945e-01,-9.992033839225769043e-01,-9.996223449707031250e-01,2.680296897888183594e-01,9.997351765632629395e-01,1.133000105619430542e-01,1.499212533235549927e-01
-2.466709315776824951e-01,-1.242877915501594543e-01,-1.319922227412462234e-02,1.711991056799888611e-02,-1.117500215768814087e-01,-2.860215120017528534e-02,1.612499542534351349e-02,1.312020421028137207e-01,1.623051590286195278e-03,2.181676626205444336e-01,-2.655482590198516846e-01,-2.787106633186340332e-01,8.606873452663421631e-03,2.176693230867385864e-01,2.656627893447875977e-01,-2.479265183210372925e-01,-7.726901024580001831e-02,2.103220671415328979e-02,-1.938318163156509399e-01,-6.122404709458351135e-02,-1.229160092771053314e-02,-1.340497583150863647e-01,-2.829955220222473145e-01,-9.750121273100376129e-03,7.200813293457031250e-02,9.997262358665466309e-01,9.997987747192382812e-01,9.997973442077636719e-01,9.995512366294860840e-01,-9.995956420898437500e-01,-9.991358518600463867e-01,2.134446650743484497e-01,9.998250007629394531e-01,2.200793474912643433e-01,1.038971766829490662e-01
-2.486876547336578369e-01,-2.113261967897415161e-01,1.014786493033170700e-02,1.258995290845632553e-02,-7.126636803150177002e-02,-1.107141524553298950e-01,1.015092805027961731e-01,1.067987978458404541e-01,3.120758198201656342e-02,1.794509142637252808e-01,-2.518039047718048096e-01,-2.226885259151458740e-01,-1.846636272966861725e-02,1.907719075679779053e-01,3.493700623512268066e-01,-2.151990830898284912e-01,-1.130454987287521362e-01,-7.321542501449584961e-02,-1.516232937574386597e-01,-1.847286149859428406e-02,2.527544274926185608e-03,-1.290753632783889771e-01,-2.213390022516250610e-01,2.141074649989604950e-02,6.689635664224624634e-02,9.996165037155151367e-01,9.997359514236450195e-01,9.997133612632751465e-01,9.995865225791931152e-01,-9.997742176055908203e-01,-9.996265769004821777e-01,2.671594917774200439e-01,9.997292160987854004e-01,2.349664568901062012e-01,1.278671175241470337e-01
-2.445774078369140625e-01,-1.823397129774093628e-01,-2.067671716213226318e-02,2.726146206259727478e-02,-1.036879941821098328e-01,-4.358653351664543152e-02,6.483898311853408813e-02,1.153073236346244812e-01,-1.057784166187047958e-02,1.928759068250656128e-01,-2.655232846736907959e-01,-2.452718913555145264e-01,-4.545690119266510010e-02,1.935810148715972900e-01,3.137833178043365479e-01,-2.381644397974014282e-01,-1.115634813904762268e-01,-3.936066851019859314e-02,-2.037103772163391113e-01,-5.981761589646339417e-02,1.842773519456386566e-02,-1.398554295301437378e-01,-2.649473249912261963e-01,-5.373200401663780212e-03,5.607314035296440125e-02,9.996545910835266113e-01,9.997507333755493164e-01,9.997365474700927734e-01,9.994074702262878418e-01,-9.995930790901184082e-01,-9.986709356307983398e-01,2.381788343191146851e-01,9.997532367706298828e-01,2.717286348342895508e-01,1.237390711903572083e-01
-2.431788593530654907e-01,-8.863669633865356445e-02,-1.379714719951152802e-02,4.979444202035665512e-03,-8.655083179473876953e-02,-2.546298876404762268e-02,1.232737395912408829e-02,1.316278576850891113e-01,2.862183377146720886e-02,2.495461404323577881e-01,-2.543671727180480957e-01,-2.664838433265686035e-01,4.461971670389175415e-02,1.923974752426147461e-01,2.473219931125640869e-01,-2.150305509567260742e-01,-7.803638279438018799e-02,4.784528538584709167e-02,-2.705336511135101318e-01,-5.029014125466346741e-02,-1.800745353102684021e-02,-8.070658892393112183e-02,-2.324543744325637817e-01,5.020576994866132736e-03,7.276348024606704712e-02,9.996518492698669434e-01,9.997754693031311035e-01,9.997707605361938477e-01,9.996592998504638672e-01,-9.993039369583129883e-01,-9.992838501930236816e-01,1.737235486507415771e-01,9.997705221176147461e-01,2.014061659574508667e-01,1.042006015777587891e-01
-2.321384847164154053e-01,2.221369883045554161e-03,1.604380644857883453e-02,1.236499520018696785e-03,-5.088293924927711487e-02,-2.675426192581653595e-03,3.685148060321807861e-02,1.520001590251922607e-01,1.115329265594482422e-01,3.232591152191162109e-01,-2.157063335180282593e-01,-2.255334705114364624e-01,1.026964932680130005e-01,1.252252161502838135e-01,2.395939230918884277e-01,-1.779727041721343994e-01,-7.473707199096679688e-02,1.051141843199729919e-01,-4.006740450859069824e-01,-7.522493600845336914e-02,-1.385807711631059647e-02,1.197992358356714249e-02,-1.299311220645904541e-01,3.306983783841133118e-02,4.238765314221382141e-02,9.995445609092712402e-01,9.996206760406494141e-01,9.995977282524108887e-01,9.995074272155761719e-01,-9.992198348045349121e-01,-9.989589452743530273e-01,7.609840482473373413e-02,9.996582269668579102e-01,2.266886979341506958e-01,1.223755255341529846e-01
9.495389647781848907e-03,-2.719590067863464355e-01,1.625145822763442993e-01,1.152958124876022339e-01,9.260316193103790283e-02,-3.079573214054107666e-01,1.920826733112335205e-01,1.167502850294113159e-01,3.001689910888671875e-01,-3.299799561500549316e-01,-1.434108167886734009e-01,5.458913743495941162e-02,-1.018041521310806274e-01,2.506309449672698975e-01,1.820188909769058228e-01,9.711585193872451782e-02,-2.695157527923583984e-01,-3.365737199783325195e-01,3.245913609862327576e-02,2.804008126258850098e-01,-4.609468579292297363e-02,1.361728608608245850e-01,1.439752131700515747e-01,1.128799542784690857e-01,-5.057263970375061035e-01,9.994783997535705566e-01,9.996532201766967773e-01,9.996806979179382324e-01,9.997069239616394043e-01,-9.988757371902465820e-01,-9.997419118881225586e-01,2.133657485246658325e-01,9.996787309646606445e-01,-9.526421129703521729e-02,2.421478331089019775e-01
-2.105302214622497559e-01,-2.381528615951538086e-01,4.724763706326484680e-02,2.904549241065979004e-02,-9.614322334527969360e-03,-1.643783897161483765e-01,1.303745508193969727e-01,8.918550610542297363e-02,6.937332451343536377e-02,7.285898923873901367e-02,-2.251795679330825806e-01,-1.386780291795730591e-01,-5.222161486744880676e-02,2.158453166484832764e-01,3.294708430767059326e-01,-1.750807315111160278e-01,-1.302099078893661499e-01,-1.010677367448806763e-01,-1.149030104279518127e-01,4.112298786640167236e-02,-1.354864914901554585e-03,-4.820993915200233459e-02,-1.181118935346603394e-01,4.267796501517295837e-02,-4.469693824648857117e-02,9.994960427284240723e-01,9.997128844261169434e-01,9.997026920318603516e-01,9.998022317886352539e-01,-9.993104934692382812e-01,-9.998058080673217773e-01,2.780848145484924316e-01,9.997008442878723145e-01,1.540917456150054932e-01,1.561418324708938599e-01
